Date,Open,High,Low,Close,Volume,Dividends,Stock Splits
2018-01-02 00:00:00-05:00,39.776189634537445,40.27643070005527,39.565805677893536,40.2670783996582,102223600,0.0,0.0
2018-01-03 00:00:00-05:00,40.33019497342311,40.80238628352514,40.19695500765061,40.260066986083984,118071600,0.0,0.0
2018-01-04 00:00:00-05:00,40.33252097704683,40.54991732565844,40.22499451516484,40.44706344604492,89738400,0.0,0.0
2018-01-05 00:00:00-05:00,40.54290869011677,40.9940590344742,40.451743391332485,40.907569885253906,94640000,0.0,0.0
2018-01-08 00:00:00-05:00,40.75563430786133,41.05016756597909,40.65745298829791,40.75563430786133,82271200,0.0,0.0
2018-01-09 00:00:00-05:00,40.802380620103136,40.921595685232134,40.53589715868877,40.750953674316406,86336000,0.0,0.0
2018-01-10 00:00:00-05:00,40.477456442146824,40.74393989480724,40.440054379738385,40.741600036621094,95839600,0.0,0.0
2018-01-11 00:00:00-05:00,40.81173298285246,41.02211693438228,40.78835936614299,40.973026275634766,74670800,0.0,0.0
2018-01-12 00:00:00-05:00,41.18340935111223,41.459245154422774,41.0595181171993,41.3961296081543,101672400,0.0,0.0
2018-01-16 00:00:00-05:00,41.585476374529335,41.93377648897424,41.17406427506678,41.185752868652344,118263600,0.0,0.0
2018-01-17 00:00:00-05:00,41.176390621417674,41.901040446396664,40.92393560860837,41.8659782409668,137547200,0.0,0.0
2018-01-18 00:00:00-05:00,41.92909864045741,42.09974425280953,41.66729127565983,41.903385162353516,124773600,0.0,0.0
2018-01-19 00:00:00-05:00,41.75144328474837,41.97818843235449,41.4709348901725,41.71638107299805,129700400,0.0,0.0
2018-01-22 00:00:00-05:00,41.44521571876117,41.5574183478053,41.28158614164321,41.37508773803711,108434400,0.0,0.0
2018-01-23 00:00:00-05:00,41.44521299016399,41.945453988337626,41.333010368506855,41.38443374633789,130756400,0.0,0.0
2018-01-24 00:00:00-05:00,41.433531621173195,41.44522021370444,40.486812695865126,40.72524642944336,204420400,0.0,0.0
2018-01-25 00:00:00-05:00,40.79302707903376,40.89588096747637,39.86267306723772,39.998252868652344,166116000,0.0,0.0
2018-01-26 00:00:00-05:00,40.206301219057266,40.206301219057266,39.75281097181956,40.091758728027344,156572000,0.0,0.0
2018-01-29 00:00:00-05:00,39.77619070677116,39.77619070677116,39.05388063992829,39.261924743652344,202561600,0.0,0.0
2018-01-30 00:00:00-05:00,38.693887061115404,39.124000098125286,38.499867866116375,39.03049850463867,184192800,0.0,0.0
2018-01-31 00:00:00-05:00,39.007123526143936,39.374124613366014,38.92063436894064,39.13802719116211,129915600,0.0,0.0
2018-02-01 00:00:00-05:00,39.077256358536815,39.416204154709504,38.9814148894474,39.2198486328125,188923200,0.0,0.0
2018-02-02 00:00:00-05:00,38.8037598511883,38.990766636131845,37.42459150008796,37.51809310913086,346375200,0.0,0.0
2018-02-05 00:00:00-05:00,37.19083795577011,38.30819906959649,36.466187922867306,36.58073043823242,290954000,0.0,0.0
2018-02-06 00:00:00-05:00,36.19268205071455,38.27078653650845,35.99866285535439,38.109493255615234,272975200,0.0,0.0
2018-02-07 00:00:00-05:00,38.12352610597919,38.19599039124016,37.183823122658545,37.29368591308594,206434400,0.0,0.0
2018-02-08 00:00:00-05:00,37.469004314043325,37.63497378025573,36.23944061622308,36.26749038696289,217562000,0.0,0.0
2018-02-09 00:00:00-05:00,36.86599613070262,37.0584569628266,35.262922282513344,36.71108627319336,282690400,0.1575,0.0
2018-02-12 00:00:00-05:00,37.20163266035302,38.46672273816519,36.96926786105699,38.18976593017578,243278000,0.0,0.0
2018-02-13 00:00:00-05:00,38.01138368785197,38.66857413140311,37.94096978650724,38.57234191894531,130196800,0.0,0.0
2018-02-14 00:00:00-05:00,38.26721850010876,39.32341630642415,38.22966752219258,39.28351593017578,162579600,0.0,0.0
2018-02-15 00:00:00-05:00,39.851515600178224,40.62606138201437,39.66609578151257,40.60259246826172,204588800,0.0,0.0
2018-02-16 00:00:00-05:00,40.454721563931344,41.03211125006785,40.31624316123592,40.47114944458008,160704400,0.0,0.0
2018-02-20 00:00:00-05:00,40.381967200086905,40.900675720101226,40.234098347646515,40.335025787353516,135722000,0.0,0.0
2018-02-21 00:00:00-05:00,40.56504027258118,40.86781542185468,40.13786518942926,40.15195083618164,149886400,0.0,0.0
2018-02-22 00:00:00-05:00,40.32329023698601,40.82791670005755,40.30216713810029,40.487586975097656,123967600,0.0,0.0
2018-02-23 00:00:00-05:00,40.7622019110345,41.22692803805628,40.73168837767528,41.19172286987305,135249600,0.0,0.0
2018-02-26 00:00:00-05:00,41.39122756389921,42.104746415864476,41.358368213770554,42.006168365478516,152648800,0.0,0.0
2018-02-27 00:00:00-05:00,42.03667557380085,42.36057381022389,41.81604700695905,41.87002944946289,155712400,0.0,0.0
2018-02-28 00:00:00-05:00,42.074225856264114,42.39343245337469,41.79022800216865,41.80665588378906,151128400,0.0,0.0
2018-03-01 00:00:00-05:00,41.90523004911441,42.19627249006448,40.52513412020834,41.07435607910156,195208000,0.0,0.0
2018-03-02 00:00:00-05:00,40.55798498711084,41.379471937040876,40.47583485955829,41.35834884643555,153816000,0.0,0.0
2018-03-05 00:00:00-05:00,41.123656827127995,41.71747451781942,40.96170589668479,41.50154113769531,113605600,0.0,0.0
2018-03-06 00:00:00-05:00,41.757370145425206,41.83717090219632,41.339585499505745,41.46632766723633,95154000,0.0,0.0
2018-03-07 00:00:00-05:00,41.06027491477236,41.273862430596104,40.903019234965775,41.081398010253906,126814000,0.0,0.0
2018-03-08 00:00:00-05:00,41.187022122543205,41.57194742905669,41.090793481964944,41.529701232910156,95096400,0.0,0.0
2018-03-09 00:00:00-05:00,41.7691008104262,42.24790886845284,41.635314046604286,42.24321365356445,128740800,0.0,0.0
2018-03-12 00:00:00-04:00,42.315965732069564,42.80885934581812,42.29719203870298,42.65160369873047,128828400,0.0,0.0
2018-03-13 00:00:00-04:00,42.855812120337546,43.069399648429766,42.069533676140765,42.24087142944336,126774000,0.0,0.0
2018-03-14 00:00:00-04:00,42.32300514879278,42.36994653924525,41.73387941720904,41.88174819946289,117473600,0.0,0.0
2018-03-15 00:00:00-04:00,41.89584418772932,42.30424194138419,41.79492034377192,41.93104934692383,90975200,0.0,0.0
2018-03-16 00:00:00-04:00,41.931049301369676,42.04136357525891,41.68929765809745,41.78318405151367,157618800,0.0,0.0
2018-03-19 00:00:00-04:00,41.618895738906545,41.654100905167574,40.75985386813316,41.144779205322266,133787200,0.0,0.0
2018-03-20 00:00:00-04:00,41.13069534301758,41.49684338174766,41.060281432169425,41.13069534301758,78597600,0.0,0.0
2018-03-21 00:00:00-04:00,41.08373938702482,41.09547563260166,40.19653365868567,40.198883056640625,148219600,0.0,0.0
2018-03-22 00:00:00-04:00,39.90082103759039,40.52984402663981,39.57222747337073,39.63090515136719,165963200,0.0,0.0
2018-03-23 00:00:00-04:00,39.5229238913069,39.88203087822492,38.713172912597656,38.713172912597656,164115200,0.0,0.0
2018-03-26 00:00:00-04:00,39.4478137655839,40.62840784209897,39.06523432694473,40.55095291137695,150164800,0.0,0.0
2018-03-27 00:00:00-04:00,40.764534600998445,41.10955946368787,39.177892261077965,39.51118087768555,163690400,0.0,0.0
2018-03-28 00:00:00-04:00,39.25535128853273,39.90550071027378,38.77184798320467,39.074623107910156,166674000,0.0,0.0
2018-03-29 00:00:00-04:00,39.386786515119255,40.31154688271614,39.173199002522075,39.37974548339844,153594000,0.0,0.0
2018-04-02 00:00:00-04:00,39.11217992291302,39.65201509761951,38.60285827668735,39.12156677246094,150347200,0.0,0.0
2018-04-03 00:00:00-04:00,39.34687815170326,39.607407016668866,38.69907829513425,39.522911071777344,121112000,0.0,0.0
2018-04-04 00:00:00-04:00,38.69908517590817,40.37256933160999,38.6732668664508,40.2786865234375,138422000,0.0,0.0
2018-04-05 00:00:00-04:00,40.506362030743446,40.89363314796675,40.38900671262728,40.55799865722656,107732800,0.0,0.0
2018-04-06 00:00:00-04:00,40.128480014153794,40.48289180544125,39.47833051252819,39.52058029174805,140021200,0.0,0.0
2018-04-09 00:00:00-04:00,39.872643872253846,40.62606300601005,39.8656028397066,39.91254425048828,116070800,0.0,0.0
2018-04-10 00:00:00-04:00,40.60494233278657,40.83965298210904,40.25991739177053,40.66361999511719,113634400,0.0,0.0
2018-04-11 00:00:00-04:00,40.42420468274402,40.820866160421915,40.29980835418697,40.47349548339844,89726400,0.0,0.0
2018-04-12 00:00:00-04:00,40.70116744671329,41.07435645439156,40.61432208628652,40.87250518798828,91557200,0.0,0.0
2018-04-13 00:00:00-04:00,41.02273020718267,41.271522941878665,40.80445100533072,41.01099395751953,100497200,0.0,0.0
2018-04-16 00:00:00-04:00,41.08139562250636,41.35366077533175,41.03445421925359,41.26681900024414,86313600,0.0,0.0
2018-04-17 00:00:00-04:00,41.42407245506441,41.99911267229984,41.40529517848783,41.834815979003906,106421600,0.0,0.0
2018-04-18 00:00:00-04:00,41.733899061182015,41.97095910385769,41.51561988120563,41.74094009399414,83018000,0.0,0.0
2018-04-19 00:00:00-04:00,40.78331886242555,41.16589834553228,40.525139311410044,40.55799865722656,139235200,0.0,0.0
2018-04-20 00:00:00-04:00,40.041636942336396,40.187156394272286,38.82817977203165,38.89624786376953,261964400,0.0,0.0
2018-04-23 00:00:00-04:00,39.156765922577186,39.17788901493464,38.51365765341196,38.78357696533203,146062000,0.0,0.0
2018-04-24 00:00:00-04:00,38.88451443668804,39.03942433112402,37.840052720688725,38.24375534057617,134768000,0.0,0.0
2018-04-25 00:00:00-04:00,38.1686259386444,38.825816150909446,38.11933873202867,38.410377502441406,113528400,0.0,0.0
2018-04-26 00:00:00-04:00,38.52070932702644,38.89859360300027,38.3446763459467,38.54418182373047,111852000,0.0,0.0
2018-04-27 00:00:00-04:00,38.49254827406108,38.57000322169767,37.70157449520931,38.098236083984375,142623200,0.0,0.0
2018-04-30 00:00:00-04:00,38.053638592508214,39.25770178412414,37.98557049884984,38.78828048706055,169709600,0.0,0.0
2018-05-01 00:00:00-04:00,39.05819542045914,39.71303647925035,38.79062545495093,39.68956756591797,214277600,0.0,0.0
2018-05-02 00:00:00-04:00,41.128348454227634,41.71982032748539,40.79271392537692,41.44286346435547,266157600,0.0,0.0
2018-05-03 00:00:00-04:00,41.280891789552015,41.661121726302234,40.942908031819066,41.517948150634766,136272800,0.0,0.0
2018-05-04 00:00:00-04:00,41.8371649912268,43.245428609444815,41.81838771321594,43.1468505859375,224805200,0.0,0.0
2018-05-07 00:00:00-04:00,43.4637027107898,44.048133333878766,43.36277888225993,43.45901107788086,169805600,0.0,0.0
2018-05-08 00:00:00-04:00,43.41912263854349,43.707815723321396,43.1093028742744,43.66791534423828,113611200,0.0,0.0
2018-05-09 00:00:00-04:00,43.7852611249509,43.98476297690126,43.473095611593955,43.97537612915039,92844800,0.0,0.0
2018-05-10 00:00:00-04:00,44.06456535393887,44.68185174084153,44.04343867998312,44.60439682006836,111957200,0.0,0.0
2018-05-11 00:00:00-04:00,44.646824986202176,44.781124079827364,44.1661668942968,44.43476867675781,104848800,0.1825,0.0
2018-05-14 00:00:00-04:00,44.53371864959899,44.65623981059255,44.26276205405801,44.33108901977539,83115200,0.0,0.0
2018-05-15 00:00:00-04:00,44.008289149690455,44.07661969891529,43.61245659840907,43.92818069458008,94780800,0.0,0.0
2018-05-16 00:00:00-04:00,43.84101578429413,44.404137173242404,43.82452095930741,44.33816146850586,76732400,0.0,0.0
2018-05-17 00:00:00-04:00,44.29575178319089,44.51016293392808,43.90934217740125,44.05778121948242,69176000,0.0,0.0
2018-05-18 00:00:00-04:00,44.10490308433846,44.25098366663279,43.85515101968935,43.897560119628906,73190800,0.0,0.0
2018-05-21 00:00:00-04:00,44.29574904119214,44.594981969565396,44.0389288058782,44.20857238769531,73603200,0.0,0.0
2018-05-22 00:00:00-04:00,44.385279304995024,44.50308713532342,44.00829280986027,44.09782791137695,60962800,0.0,0.0
2018-05-23 00:00:00-04:00,43.90698701129441,44.41355932680517,43.76797101632021,44.38057327270508,80233600,0.0,0.0
2018-05-24 00:00:00-04:00,44.47717318699425,44.49366441518397,43.873997617810524,44.33108901977539,92936000,0.0,0.0
2018-05-25 00:00:00-04:00,44.34994044932966,44.6845142986647,44.21328291731223,44.43240737915039,69844000,0.0,0.0
2018-05-29 00:00:00-04:00,44.20149683194327,44.47245338801161,44.02949482101763,44.272178649902344,90056400,0.0,0.0
2018-05-30 00:00:00-04:00,44.229787563821304,44.29575968424479,44.00830819016633,44.17795181274414,74762000,0.0,0.0
2018-05-31 00:00:00-04:00,44.11196979829037,44.349940351070494,43.8575044214986,44.029502868652344,109931200,0.0,0.0
2018-06-01 00:00:00-04:00,44.293385470252254,44.82823038465097,44.23683642236109,44.82352066040039,93770000,0.0,0.0
2018-06-04 00:00:00-04:00,45.15339070780669,45.57278634857579,45.08506373956886,45.198158264160156,105064800,0.0,0.0
2018-06-05 00:00:00-04:00,45.49032190729074,45.69530640222667,45.32303318949462,45.54686737060547,86264000,0.0,0.0
2018-06-06 00:00:00-04:00,45.62226003673747,45.72828636153599,45.21935568825165,45.7047233581543,83734400,0.0,0.0
2018-06-07 00:00:00-04:00,45.74243130384017,45.756567670436446,45.318322329900795,45.58221435546875,85388800,0.0,0.0
2018-06-08 00:00:00-04:00,45.04265782757154,45.238219311227645,44.71279724984477,45.16753387451172,106627200,0.0,0.0
2018-06-11 00:00:00-04:00,45.0850695440865,45.23115014029129,44.816467766594464,45.056793212890625,73234000,0.0,0.0
2018-06-12 00:00:00-04:00,45.094482345524824,45.381933746768155,45.03793329119162,45.30418014526367,67644400,0.0,0.0
2018-06-13 00:00:00-04:00,45.33716304565847,45.445547826799476,44.87064506424611,44.93190383911133,86553600,0.0,0.0
2018-06-14 00:00:00-04:00,45.132194282296425,45.13690760360574,44.81882492662614,44.955482482910156,86440400,0.0,0.0
2018-06-15 00:00:00-04:00,44.7740470200036,44.8046782086226,44.357006263123864,44.4936637878418,246876800,0.0,0.0
2018-06-18 00:00:00-04:00,44.267470793974596,44.583194911549555,44.107250277682624,44.47010040283203,73939600,0.0,0.0
2018-06-19 00:00:00-04:00,43.62189835471819,43.902281663090356,43.223707175279465,43.751487731933594,134314000,0.0,0.0
2018-06-20 00:00:00-04:00,43.90698467710195,44.10725585377342,43.76090050653034,43.942325592041016,82514800,0.0,0.0
2018-06-21 00:00:00-04:00,44.119035175144084,44.37821385591246,43.57476354074038,43.69728469848633,102847600,0.0,0.0
2018-06-22 00:00:00-04:00,43.85279121043432,43.859859393539764,43.51821736100589,43.57005310058594,108801600,0.0,0.0
2018-06-25 00:00:00-04:00,43.21191397426476,43.570050812040066,42.58282054445238,42.9221076965332,126652400,0.0,0.0
2018-06-26 00:00:00-04:00,43.115317704014764,43.94939568980616,43.00928776415795,43.4546012878418,98276800,0.0,0.0
2018-06-27 00:00:00-04:00,43.643090484345954,44.12610333725696,43.36035239331826,43.39098358154297,101141200,0.0,0.0
2018-06-28 00:00:00-04:00,43.37685407100263,43.874003367746724,43.306168638273,43.70671463012695,69460800,0.0,0.0
2018-06-29 00:00:00-04:00,43.89283951007356,44.104895760187524,43.096461027816034,43.61481475830078,90950800,0.0,0.0
2018-07-02 00:00:00-04:00,43.310881360931305,44.13082302172207,43.21663292019015,44.10254669189453,70925200,0.0,0.0
2018-07-03 00:00:00-04:00,44.24627381087891,44.28397318836197,43.24490701595224,43.334442138671875,55819200,0.0,0.0
2018-07-05 00:00:00-04:00,43.65016137767174,43.92112157794117,43.41925900843449,43.68314743041992,66416800,0.0,0.0
2018-07-06 00:00:00-04:00,43.68786030860455,44.39706223311594,43.636024569780716,44.28868103027344,69940800,0.0,0.0
2018-07-09 00:00:00-04:00,44.64917535845704,44.92720016005415,44.60205293727909,44.90364074707031,79026400,0.0,0.0
2018-07-10 00:00:00-04:00,44.934267130145,45.06856619589097,44.80938751433222,44.84944534301758,63756400,0.0,0.0
2018-07-11 00:00:00-04:00,44.41355569937035,44.715143482285086,44.203857887887295,44.26747512817383,75326000,0.0,0.0
2018-07-12 00:00:00-04:00,44.65623911158645,45.09919773617647,44.60440337487018,45.00966262817383,72164400,0.0,0.0
2018-07-13 00:00:00-04:00,45.021441238162346,45.20050784745144,44.97902854938801,45.080345153808594,50055600,0.0,0.0
2018-07-16 00:00:00-04:00,45.12511762037944,45.391360903359555,44.86593892521994,44.98139190673828,60172400,0.0,0.0
2018-07-17 00:00:00-04:00,44.708069985718346,45.20757401770042,44.57848065802218,45.10861587524414,62138000,0.0,0.0
2018-07-18 00:00:00-04:00,45.186379767318016,45.191093088092565,44.750489273536566,44.861228942871094,65573600,0.0,0.0
2018-07-19 00:00:00-04:00,44.693924047732274,45.367784812191935,44.693924047732274,45.209922790527344,81147200,0.0,0.0
2018-07-20 00:00:00-04:00,45.18637448948724,45.33952324227363,44.80703310367688,45.106266021728516,82704800,0.0,0.0
2018-07-23 00:00:00-04:00,44.92721487321071,45.22880637698003,44.663326352025436,45.146339416503906,63957600,0.0,0.0
2018-07-24 00:00:00-04:00,45.34423421199465,45.62933074980564,45.24998938365914,45.47382354736328,74791600,0.0,0.0
2018-07-25 00:00:00-04:00,45.48795168352464,45.90970566277552,45.33951269029891,45.90263748168945,66839600,0.0,0.0
2018-07-26 00:00:00-04:00,45.85316358781776,46.171246165870855,45.61754792858129,45.75891876220703,76304000,0.0,0.0
2018-07-27 00:00:00-04:00,45.942707942491445,45.98983036478812,44.79054728056739,44.997886657714844,96096000,0.0,0.0
2018-07-30 00:00:00-04:00,45.2146462036936,45.285331624624746,44.547857012990356,44.74577331542969,84118000,0.0,0.0
2018-07-31 00:00:00-04:00,44.837666532786,45.27119853960078,44.61147388845953,44.83530807495117,157492000,0.0,0.0
2018-08-01 00:00:00-04:00,46.918158223646834,47.537825105988844,46.48933589897435,47.476566314697266,271742800,0.0,0.0
2018-08-02 00:00:00-04:00,47.259795643672035,49.097598749071246,47.20560504150239,48.86433792114258,249616000,0.0,0.0
2018-08-03 00:00:00-04:00,48.7795103543594,49.18241471941246,48.414305358183405,49.00570297241211,133789600,0.0,0.0
2018-08-06 00:00:00-04:00,49.008063284816416,49.30258289590306,48.7889424198688,49.26017379760742,101701600,0.0,0.0
2018-08-07 00:00:00-04:00,49.31907881246056,49.36148791169574,48.715899615615555,48.79836654663086,102349600,0.0,0.0
2018-08-08 00:00:00-04:00,48.548602744312035,48.96328497133965,48.18811110715973,48.83134078979492,90102000,0.0,0.0
2018-08-09 00:00:00-04:00,49.368557091360415,49.427461016071646,48.81957208162651,49.21540832519531,93970400,0.0,0.0
2018-08-10 00:00:00-04:00,49.02863385881808,49.44004441044602,48.865488233037695,49.06882858276367,98444800,0.1825,0.0
2018-08-13 00:00:00-04:00,49.489674247514394,49.87743898167193,49.10900248470338,49.38563919067383,103563600,0.0,0.0
2018-08-14 00:00:00-04:00,49.690653943503335,49.78522930486312,49.2414119574974,49.593711853027344,82992000,0.0,0.0
2018-08-15 00:00:00-04:00,49.46840376274341,49.82779667275431,49.257970492029095,49.70957565307617,115230400,0.0,0.0
2018-08-16 00:00:00-04:00,50.066597106681336,50.55366708451775,50.00039363053768,50.43781280517578,114001600,0.0,0.0
2018-08-17 00:00:00-04:00,50.46619080521633,51.532543132376475,50.39998732105406,51.44506072998047,141708000,0.0,0.0
2018-08-20 00:00:00-04:00,51.56801256244055,51.823366801630385,50.86104953392936,50.94380569458008,121150800,0.0,0.0
2018-08-21 00:00:00-04:00,51.26062646675485,51.35283870270329,50.60568111471057,50.844486236572266,104639200,0.0,0.0
2018-08-22 00:00:00-04:00,50.62224357048316,51.156601296459534,50.56076632942316,50.84686279296875,76072400,0.0,0.0
2018-08-23 00:00:00-04:00,50.75226795914584,51.319730857894314,50.74044874677419,50.95088195800781,75532800,0.0,0.0
2018-08-24 00:00:00-04:00,51.21334139829706,51.28427111585805,50.861041500529375,51.10930633544922,73905600,0.0,0.0
2018-08-27 00:00:00-04:00,51.34337923890554,51.719324763645,51.1494986735286,51.53017044067383,82100400,0.0,0.0
2018-08-28 00:00:00-04:00,51.783162574157686,52.14491855568263,51.761883659437096,51.94630813598633,91107200,0.0,0.0
2018-08-29 00:00:00-04:00,52.05271233047196,52.84243146580002,51.87774753435485,52.72184371948242,109019200,0.0,0.0
2018-08-30 00:00:00-04:00,52.78568028191906,53.970253487975114,52.58470312439228,53.206546783447266,195175200,0.0,0.0
2018-08-31 00:00:00-04:00,53.556486775291695,54.11449015060924,53.43590263011833,53.82130432128906,173360400,0.0,0.0
2018-09-04 00:00:00-04:00,54.00572312173843,54.18778088108534,53.58485661111945,53.993900299072266,109560400,0.0,0.0
2018-09-05 00:00:00-04:00,54.14284956250599,54.30362837496612,53.22309041713026,53.6415901184082,133332000,0.0,0.0
2018-09-06 00:00:00-04:00,53.49027078929188,53.75508827339755,52.32461350158914,52.75020980834961,137160000,0.0,0.0
2018-09-07 00:00:00-04:00,52.45465165211335,53.286924775627575,52.185107954919445,52.324607849121094,150479200,0.0,0.0
2018-09-10 00:00:00-04:00,52.24187159449355,52.4546716097598,51.182612192934016,51.62239456176758,158066000,0.0,0.0
2018-09-11 00:00:00-04:00,51.54671960522813,53.033941819572114,51.20387942357245,52.92754364013672,142996000,0.0,0.0
2018-09-12 00:00:00-04:00,53.18527027618349,53.19945622059127,51.97941449205581,52.270240783691406,197114800,0.0,0.0
2018-09-13 00:00:00-04:00,52.849519642275006,53.99153499554689,52.6249004519719,53.5328369140625,166825600,0.0,0.0
2018-09-14 00:00:00-04:00,53.37679517348761,53.6345161536313,52.61308832803869,52.92518997192383,127997200,0.0,0.0
2018-09-17 00:00:00-04:00,52.52557664509682,52.714730922683685,51.371742406670684,51.51597213745117,148780400,0.0,0.0
2018-09-18 00:00:00-04:00,51.494699140442705,52.454656645298286,51.33628344092451,51.60110092163086,126286800,0.0,0.0
2018-09-19 00:00:00-04:00,51.662586001449505,51.9273999330875,50.90597219118434,51.6318473815918,108495200,0.0,0.0
2018-09-20 00:00:00-04:00,52.07398072555896,52.55632075649238,51.81625623654511,52.02432632446289,106435200,0.0,0.0
2018-09-21 00:00:00-04:00,52.20167199078347,52.338808803475615,51.37648799310484,51.46397399902344,384986800,0.0,0.0
2018-09-24 00:00:00-04:00,51.26537262006466,52.315172406321544,51.220448048399795,52.204044342041016,110773600,0.0,0.0
2018-09-25 00:00:00-04:00,51.958130371548314,52.68400905547717,51.946307549786276,52.53504943847656,98217600,0.0,0.0
2018-09-26 00:00:00-04:00,52.25369872648437,52.90391443461936,51.9605092538193,52.11656188964844,95938800,0.0,0.0
2018-09-27 00:00:00-04:00,52.920467862498306,53.539944955080905,52.85426076117287,53.187644958496094,120724800,0.0,0.0
2018-09-28 00:00:00-04:00,53.14980117088278,53.39806601850307,52.96774340940435,53.37442398071289,91717600,0.0,0.0
2018-10-01 00:00:00-04:00,53.89696364312672,54.24453373923677,53.51865853436576,53.73381805419922,94403200,0.0,0.0
2018-10-02 00:00:00-04:00,53.731452552639425,54.38166815008611,53.584859645171754,54.211429595947266,99152800,0.0,0.0
2018-10-03 00:00:00-04:00,54.39347614374953,55.202107251536745,54.32963580139792,54.871089935302734,114619200,0.0,0.0
2018-10-04 00:00:00-04:00,54.566089500033,54.93730520599613,53.60849859022037,53.90641784667969,128168000,0.0,0.0
2018-10-05 00:00:00-04:00,53.899327312763546,54.00572550581806,52.15438395852076,53.03158187866211,134322000,0.0,0.0
2018-10-08 00:00:00-04:00,52.53977761918133,53.15216152411722,52.06452689730765,52.908626556396484,118655600,0.0,0.0
2018-10-09 00:00:00-04:00,52.87788354358608,53.73616907381262,52.54922934016951,53.6415901184082,107564000,0.0,0.0
2018-10-10 00:00:00-04:00,53.308221027600226,53.5186542874467,51.0833006862872,51.15659713745117,167962400,0.0,0.0
2018-10-11 00:00:00-04:00,50.721543060089694,51.89902330763163,50.201371338479035,50.70499038696289,212497600,0.0,0.0
2018-10-12 00:00:00-04:00,52.116552371945346,52.69820135934952,51.27008946263702,52.51613998413086,161351600,0.0,0.0
2018-10-15 00:00:00-04:00,52.29151237472821,52.449928078120834,51.37175316034392,51.39303207397461,123164000,0.0,0.0
2018-10-16 00:00:00-04:00,51.764241699309125,52.72419918257883,51.251163028216794,52.52558517456055,116736000,0.0,0.0
2018-10-17 00:00:00-04:00,52.56105763845365,52.64144705306185,51.86118772679396,52.298606872558594,91541600,0.0,0.0
2018-10-18 00:00:00-04:00,51.51125481132157,51.955766930543895,50.36214653480621,51.076202392578125,130325200,0.0,0.0
2018-10-19 00:00:00-04:00,51.55853916023749,52.31515279784084,51.409579553774584,51.85409164428711,132314800,0.0,0.0
2018-10-22 00:00:00-04:00,51.967588678689886,52.81168840057024,51.766615131446095,52.170928955078125,115168400,0.0,0.0
2018-10-23 00:00:00-04:00,51.0312900357926,52.7856896809397,50.76410935457385,52.66273880004883,155071200,0.0,0.0
2018-10-24 00:00:00-04:00,52.63198573201551,53.01738370273722,50.72626035927189,50.85630416870117,163702000,0.0,0.0
2018-10-25 00:00:00-04:00,51.47578872209439,52.3435304176031,51.248802817676285,51.96995162963867,119423200,0.0,0.0
2018-10-26 00:00:00-04:00,51.0478236891772,52.062161836547574,50.28411707927676,51.14240264892578,189033600,0.0,0.0
2018-10-29 00:00:00-04:00,51.82572833174674,51.94394934491909,48.728336343503514,50.182456970214844,183742000,0.0,0.0
2018-10-30 00:00:00-04:00,49.924714978040946,50.87757572269664,49.48020657712165,50.433067321777344,146640000,0.0,0.0
2018-10-31 00:00:00-04:00,51.27954177612992,52.12363783449441,51.218064547531675,51.74769592285156,153435600,0.0,0.0
2018-11-01 00:00:00-04:00,51.79263154257351,52.57525414732443,51.26300005412576,52.542152404785156,233292800,0.0,0.0
2018-11-02 00:00:00-04:00,49.546428313026276,50.51583847534508,48.572284692079506,49.05699157714844,365314800,0.0,0.0
2018-11-05 00:00:00-05:00,48.30510423366641,48.32638314907276,46.85571353178706,47.664344787597656,264654800,0.0,0.0
2018-11-06 00:00:00-05:00,47.74237510519479,48.40441352241418,47.68799444752672,48.17979431152344,127531600,0.0,0.0
2018-11-07 00:00:00-05:00,48.69997188616448,49.667019055603284,48.2649193571804,49.64101028442383,133697600,0.0,0.0
2018-11-08 00:00:00-05:00,49.82132950962304,49.854546748716004,49.05495802314485,49.467803955078125,101450400,0.1825,0.0
2018-11-09 00:00:00-05:00,48.77022964453493,48.87937043055105,47.98724786748592,48.513980865478516,137463200,0.0,0.0
2018-11-12 00:00:00-05:00,47.21612935039931,47.41780773297329,45.97996678297015,46.07012939453125,204542000,0.0,0.0
2018-11-13 00:00:00-05:00,45.467478543802656,46.78430756047721,45.42476859914762,45.60983657836914,187531600,0.0,0.0
2018-11-14 00:00:00-05:00,46.00606553775681,46.14368081930121,44.11504743544878,44.32147216796875,243204000,0.0,0.0
2018-11-15 00:00:00-05:00,44.698732002376936,45.54814833515879,44.34520285307609,45.415279388427734,185915200,0.0,0.0
2018-11-16 00:00:00-05:00,45.19936660019544,46.25995045257277,44.95261049624972,45.91828536987305,147713200,0.0,0.0
2018-11-19 00:00:00-05:00,45.080738951970936,45.246825160870316,43.89203234926841,44.098453521728516,167701200,0.0,0.0
2018-11-20 00:00:00-05:00,42.32131712569472,43.05684633458593,41.64273330485172,41.99151611328125,271300800,0.0,0.0
2018-11-21 00:00:00-05:00,42.643990470348854,42.77211665846975,41.88948326183944,41.944053649902344,124496800,0.0,0.0
2018-11-23 00:00:00-05:00,41.507494383952164,41.90135851863127,40.83365689452534,40.87873458862305,94496000,0.0,0.0
2018-11-26 00:00:00-05:00,41.34141294148129,41.5098705230007,40.39708745646012,41.43157196044922,179994000,0.0,0.0
2018-11-27 00:00:00-05:00,40.693666190363125,41.46715900960743,40.54419042635813,41.341407775878906,165549600,0.0,0.0
2018-11-28 00:00:00-05:00,41.932195651447095,43.014132585864616,41.505114329859374,42.93109130859375,184250000,0.0,0.0
2018-11-29 00:00:00-05:00,43.33918830928703,43.37240554234032,42.16234247178632,42.601287841796875,167080000,0.0,0.0
2018-11-30 00:00:00-05:00,42.77686405200895,42.78635675904082,42.003374967632006,42.37113952636719,158126000,0.0,0.0
2018-12-03 00:00:00-05:00,43.76626831349695,43.88015544911543,42.99515063572571,43.8516845703125,163210000,0.0,0.0
2018-12-04 00:00:00-05:00,42.93345880903892,43.27512383554187,41.82305109331107,41.92270278930664,165377200,0.0,0.0
2018-12-06 00:00:00-05:00,40.75298356449691,41.46953100520734,40.4350466147937,41.45529556274414,172393600,0.0,0.0
2018-12-07 00:00:00-05:00,41.16344662894883,41.40071359145735,39.93203051426459,39.97711181640625,169126400,0.0,0.0
2018-12-10 00:00:00-05:00,39.1490601674904,40.35674848800182,38.75282465963804,40.2404899597168,248104000,0.0,0.0
2018-12-11 00:00:00-05:00,40.729256594178395,40.76009884419869,39.62359143727057,40.010337829589844,189126800,0.0,0.0
2018-12-12 00:00:00-05:00,40.430300935727146,40.79094783925062,40.10287489238267,40.121856689453125,142510800,0.0,0.0
2018-12-13 00:00:00-05:00,40.451646423760494,40.945162148551596,40.228614895975355,40.560787200927734,127594400,0.0,0.0
2018-12-14 00:00:00-05:00,40.09812024955147,40.117102042698306,39.21548678046134,39.262939453125,162814800,0.0,0.0
2018-12-17 00:00:00-05:00,39.255812806752644,39.94388907533605,38.61044646813939,38.89754104614258,177151600,0.0,0.0
2018-12-18 00:00:00-05:00,39.23921261031191,39.749335147040604,39.00431700694578,39.40292739868164,135366000,0.0,0.0
2018-12-19 00:00:00-05:00,39.38633159988153,39.730368109654314,37.74681536137408,38.17389678955078,196189200,0.0,0.0
2018-12-20 00:00:00-05:00,38.05761230609419,38.46334032999408,36.84755319313379,37.2105712890625,259092000,0.0,0.0
2018-12-21 00:00:00-05:00,37.21770403005254,37.52615187290748,35.50226452935719,35.76325607299805,382978400,0.0,0.0
2018-12-24 00:00:00-05:00,35.15111176377815,35.95782190038735,34.7809757476291,34.837921142578125,148676800,0.0,0.0
2018-12-26 00:00:00-05:00,35.18669150802309,37.305483760117355,34.81180927021201,37.2912483215332,234330000,0.0,0.0
2018-12-27 00:00:00-05:00,36.97569172966579,37.196351942081705,35.60666362348881,37.04924392700195,212468400,0.0,0.0
2018-12-28 00:00:00-05:00,37.3695521467641,37.61156549819046,36.669615227461684,37.06822204589844,169165600,0.0,0.0
2018-12-31 00:00:00-05:00,37.61393775275985,37.810869799996105,37.12753967179389,37.42649841308594,140014000,0.0,0.0
2019-01-02 00:00:00-05:00,36.75027775052016,37.68985646575044,36.593680694580726,37.46919631958008,148158800,0.0,0.0
2019-01-03 00:00:00-05:00,34.16169431348471,34.574540108213995,33.69190676803851,33.73698806762695,365248800,0.0,0.0
2019-01-04 00:00:00-05:00,34.29220667285654,35.24602123385648,34.11900273892931,35.17721176147461,234428400,0.0,0.0
2019-01-07 00:00:00-05:00,35.28160408429917,35.31244995449789,34.61725572428317,35.098907470703125,219111200,0.0,0.0
2019-01-08 00:00:00-05:00,35.48565323681881,36.021878993464554,35.238897140785376,35.768001556396484,164101200,0.0,0.0
2019-01-09 00:00:00-05:00,35.89611645994749,36.66486270672353,35.502256061427595,36.375396728515625,180396400,0.0,0.0
2019-01-10 00:00:00-05:00,36.18322084854541,36.532003660455786,35.794103077351124,36.491668701171875,143122800,0.0,0.0
2019-01-11 00:00:00-05:00,36.27338262516767,36.467939696000656,35.948324350827995,36.133392333984375,108092800,0.0,0.0
2019-01-14 00:00:00-05:00,35.791735812990616,35.891387539186205,35.404989364339656,35.590057373046875,129756800,0.0,0.0
2019-01-15 00:00:00-05:00,35.65411028555859,36.3943821085161,35.601911260051914,36.318458557128906,114843600,0.0,0.0
2019-01-16 00:00:00-05:00,36.32083304295525,36.98518137158213,36.30185124837653,36.762149810791016,122278800,0.0,0.0
2019-01-17 00:00:00-05:00,36.58657410659207,37.40751959655014,36.36354252641356,36.980438232421875,119284800,0.0,0.0
2019-01-18 00:00:00-05:00,37.369545970773025,37.459708573550046,37.00889918007144,37.20820617675781,135004000,0.0,0.0
2019-01-22 00:00:00-05:00,37.11091655846569,37.186840083569535,36.21167298341717,36.373016357421875,121576000,0.0,0.0
2019-01-23 00:00:00-05:00,36.57470818551413,36.80960382903162,35.99340473442524,36.520137786865234,92522400,0.0,0.0
2019-01-24 00:00:00-05:00,36.56522597464914,36.65301362642966,36.00290421307908,36.23067855834961,101766000,0.0,0.0
2019-01-25 00:00:00-05:00,36.8902641000177,37.51902368512095,36.61503719155783,37.43123245239258,134142000,0.0,0.0
2019-01-28 00:00:00-05:00,36.96383036040819,37.09195658871479,36.45845402993215,37.0848388671875,104768400,0.0,0.0
2019-01-29 00:00:00-05:00,37.07296560813992,37.51902868886723,36.56521441598711,36.70045471191406,166348800,0.0,0.0
2019-01-30 00:00:00-05:00,38.73384376445083,39.42191672312946,38.017296299473955,39.208377838134766,244439200,0.0,0.0
2019-01-31 00:00:00-05:00,39.41242029951825,40.09812176355808,39.044655736776996,39.490718841552734,162958400,0.0,0.0
2019-02-01 00:00:00-05:00,39.614098831561684,40.09337555178489,39.369710497458655,39.509700775146484,130672400,0.0,0.0
2019-02-04 00:00:00-05:00,39.72086886633868,40.72925360434192,39.69002299817537,40.63197326660156,125982000,0.0,0.0
2019-02-05 00:00:00-05:00,41.013973143644144,41.54070616529914,40.89296827882337,41.32716369628906,144406400,0.0,0.0
2019-02-06 00:00:00-05:00,41.43868450470518,41.65697335385666,41.011606755653766,41.341407775878906,112958400,0.0,0.0
2019-02-07 00:00:00-05:00,40.904826038437854,41.27021921626802,40.41605663729461,40.55841827392578,126966800,0.0,0.0
2019-02-08 00:00:00-05:00,40.26771540968325,40.665650250891964,40.131891443963546,40.6060791015625,95280000,0.1825,0.0
2019-02-11 00:00:00-05:00,40.7585744212062,40.79670082315533,40.329661489113064,40.37255096435547,83973600,0.0,0.0
2019-02-12 00:00:00-05:00,40.53222332657913,40.74667807258698,40.43690727818139,40.72046661376953,89134000,0.0,0.0
2019-02-13 00:00:00-05:00,40.83959932500604,41.099328678315466,40.489320656037144,40.551273345947266,89960800,0.0,0.0
2019-02-14 00:00:00-05:00,40.43927202892135,40.80861016763848,40.36063769218149,40.69900131225586,87342800,0.0,0.0
2019-02-15 00:00:00-05:00,40.80623611906368,40.91346345759115,40.44880923334926,40.60845947265625,98507200,0.0,0.0
2019-02-19 00:00:00-05:00,40.43928420861173,40.851515580587275,40.38686130166285,40.72998809814453,75891200,0.0,0.0
2019-02-20 00:00:00-05:00,40.791937772979175,41.29948509114437,40.7442815842349,40.992095947265625,104457600,0.0,0.0
2019-02-21 00:00:00-05:00,40.93729535437326,41.07311568683924,40.57986845134195,40.760963439941406,68998800,0.0,0.0
2019-02-22 00:00:00-05:00,40.884860542319885,41.22322414232056,40.837204362983655,41.2160758972168,75652800,0.0,0.0
2019-02-25 00:00:00-05:00,41.499648872153486,41.90711352229098,41.449607503854075,41.516326904296875,87493600,0.0,0.0
2019-02-26 00:00:00-05:00,41.39241821936573,41.77128984933254,41.263742503117236,41.54015350341797,68280800,0.0,0.0
2019-02-27 00:00:00-05:00,41.273284939092875,41.69981285361265,41.15890569167824,41.6688346862793,111341600,0.0,0.0
2019-02-28 00:00:00-05:00,41.53777983812131,41.678366901905775,41.20417916338669,41.25898361206055,112861600,0.0,0.0
2019-03-01 00:00:00-05:00,41.52824051212283,41.735546954193026,41.19702505785762,41.692657470703125,103544800,0.0,0.0
2019-03-04 00:00:00-05:00,41.86420972312165,42.355075273942326,41.45436004000405,41.90233612060547,109744800,0.0,0.0
2019-03-05 00:00:00-05:00,41.9237931397582,41.938089634020294,41.59019251792692,41.82609558105469,78949600,0.0,0.0
2019-03-06 00:00:00-05:00,41.62115992759418,41.816554994525454,41.44721323244979,41.585418701171875,83241600,0.0,0.0
2019-03-07 00:00:00-05:00,41.43054421304361,41.566368186765395,40.989719863594985,41.104095458984375,99185600,0.0,0.0
2019-03-08 00:00:00-05:00,40.584633632595896,41.2399162634684,40.38923852105088,41.20178985595703,95997600,0.0,0.0
2019-03-11 00:00:00-04:00,41.81656454463562,42.68153514499979,41.783204847044914,42.629112243652344,128044000,0.0,0.0
2019-03-12 00:00:00-04:00,42.891222911242956,43.52744228144765,42.74110246755472,43.108062744140625,129870400,0.0,0.0
2019-03-13 00:00:00-04:00,43.42735521176513,43.677554693258266,43.11043635333161,43.298683166503906,124130000,0.0,0.0
2019-03-14 00:00:00-04:00,43.820518152128955,43.86817796093674,43.50121779434115,43.78001022338867,94318000,0.0,0.0
2019-03-15 00:00:00-04:00,44.04691422627257,44.63785907607292,43.78241814804206,44.34953308105469,156171600,0.0,0.0
2019-03-18 00:00:00-04:00,44.273273139252964,44.89042929325558,44.270887966592596,44.80226516723633,104879200,0.0,0.0
2019-03-19 00:00:00-04:00,44.880899504425805,45.033401481377794,44.30186611779311,44.44721984863281,126585600,0.0,0.0
2019-03-20 00:00:00-04:00,44.37574869522766,45.15255896973903,44.01832172551314,44.83563995361328,124140800,0.0,0.0
2019-03-21 00:00:00-04:00,45.27884496121636,46.782420346635014,45.228803590706896,46.48694610595703,204136800,0.0,0.0
2019-03-22 00:00:00-04:00,46.546508338197334,47.106478547794836,45.45993125023579,45.524269104003906,169630800,0.0,0.0
2019-03-25 00:00:00-04:00,45.63387294895227,45.745866978541436,44.46389856952138,44.97382736206055,175381200,0.0,0.0
2019-03-26 00:00:00-04:00,45.669614876057764,45.9603222997937,43.98255993100992,44.5091667175293,199202000,0.0,0.0
2019-03-27 00:00:00-04:00,44.97621570071659,45.216881824139065,44.45199033761694,44.90949630737305,119393600,0.0,0.0
2019-03-28 00:00:00-04:00,45.02387105568849,45.169224796190974,44.685507385455566,44.96906661987305,83121600,0.0,0.0
2019-03-29 00:00:00-04:00,45.233553015834644,45.29312414866339,44.92616393431561,45.26214599609375,94256000,0.0,0.0
2019-04-01 00:00:00-04:00,45.66485812631572,45.67438790998863,44.8880516813076,45.56954574584961,111448000,0.0,0.0
2019-04-02 00:00:00-04:00,45.533803597504026,46.33682517645646,45.52427381326158,46.23197937011719,91062800,0.0,0.0
2019-04-03 00:00:00-04:00,46.04849391519191,46.822918780518556,46.024664003423624,46.548892974853516,93087200,0.0,0.0
2019-04-04 00:00:00-04:00,46.41545501139502,46.791945110655476,46.02228688104425,46.629913330078125,76457200,0.0,0.0
2019-04-05 00:00:00-04:00,46.811005131413616,46.965892290363215,46.68709613144077,46.94206237792969,74106400,0.0,0.0
2019-04-08 00:00:00-04:00,46.8038588026213,47.7117225101516,46.78479559908021,47.680747985839844,103526800,0.0,0.0
2019-04-09 00:00:00-04:00,47.733164400421316,48.33602404124384,47.47343146891006,47.53776931762695,143072800,0.0,0.0
2019-04-10 00:00:00-04:00,47.342384260292086,47.833253607870596,47.22324195607037,47.804656982421875,86781200,0.0,0.0
2019-04-11 00:00:00-04:00,47.85945826640106,47.89519949822014,47.28519156894748,47.406715393066406,83603200,0.0,0.0
2019-04-12 00:00:00-04:00,47.46628769869107,47.69027578606465,46.75381913013985,47.38765335083008,111042800,0.0,0.0
2019-04-15 00:00:00-04:00,47.31855093020654,47.62117335589848,47.182726978383926,47.47343444824219,70146400,0.0,0.0
2019-04-16 00:00:00-04:00,47.528248000421726,47.98336882392176,47.313789678479274,47.478206634521484,102785600,0.0,0.0
2019-04-17 00:00:00-04:00,47.54730369870625,48.462319253167394,47.325700783597725,48.402748107910156,115627200,0.0,0.0
2019-04-18 00:00:00-04:00,48.400362590881734,48.64579541672132,48.25739402484164,48.57669448852539,96783200,0.0,0.0
2019-04-22 00:00:00-04:00,48.33126412020742,48.83404475360525,48.214503361460345,48.73634719848633,77758000,0.0,0.0
2019-04-23 00:00:00-04:00,48.712509040814076,49.50361549579041,48.586218519593615,49.43927764892578,93292000,0.0,0.0
2019-04-24 00:00:00-04:00,49.41069711912076,49.677574720140036,49.3368294714054,49.363040924072266,70162400,0.0,0.0
2019-04-25 00:00:00-04:00,49.284411491501174,49.50601445679401,48.87694316585517,48.915069580078125,74172800,0.0,0.0
2019-04-26 00:00:00-04:00,48.8245100123111,48.84833992518488,48.16207915688333,48.681541442871094,74596400,0.0,0.0
2019-04-29 00:00:00-04:00,48.70537168868094,49.079480262865886,48.576699602106366,48.75541305541992,88818800,0.0,0.0
2019-04-30 00:00:00-04:00,48.38607033097731,48.46708622241454,47.44484688744978,47.81657028198242,186139600,0.0,0.0
2019-05-01 00:00:00-04:00,50.01117521030859,51.30505889994742,49.8562880319381,50.16367721557617,259309200,0.0,0.0
2019-05-02 00:00:00-04:00,50.00164001010491,50.671219159962654,49.59417537681596,49.837223052978516,127985200,0.0,0.0
2019-05-03 00:00:00-04:00,50.25183551985448,50.478205146321336,50.094566822586664,50.45676040649414,83569600,0.0,0.0
2019-05-06 00:00:00-04:00,48.6791498523468,49.76334529835149,48.49090665482442,49.67756271362305,129772400,0.0,0.0
2019-05-07 00:00:00-04:00,49.05802986425357,49.42498651293276,47.85469202351123,48.338409423828125,155054800,0.0,0.0
2019-05-08 00:00:00-04:00,48.10965396395561,48.92935347903369,48.07391273228292,48.347938537597656,105358000,0.0,0.0
2019-05-09 00:00:00-04:00,47.75223076687932,48.05723475366527,46.86104872008744,47.82848358154297,139634400,0.0,0.0
2019-05-10 00:00:00-04:00,47.22330340337194,47.56536448730354,46.11101450339134,47.1658935546875,164834800,0.1925,0.0
2019-05-13 00:00:00-04:00,44.90065057528068,45.32403587911326,43.73812763352999,44.42463684082031,229722400,0.0,0.0
2019-05-14 00:00:00-04:00,44.58968277824102,45.3766564067439,44.350480579312546,45.12788772583008,146118800,0.0,0.0
2019-05-15 00:00:00-04:00,44.55619868228515,45.86702583004832,44.496398127096036,45.668487548828125,106178800,0.0,0.0
2019-05-16 00:00:00-04:00,45.42689968507999,46.03925685450639,45.170951528362195,45.46756362915039,132125600,0.0,0.0
2019-05-17 00:00:00-04:00,44.714074297471804,45.663707510433305,44.673410353458074,45.209224700927734,131516400,0.0,0.0
2019-05-20 00:00:00-04:00,43.89839489959819,44.09693319133087,43.123378349333606,43.795536041259766,154449200,0.0,0.0
2019-05-21 00:00:00-04:00,44.30503541950881,44.97001729820006,44.18064924329761,44.635135650634766,113459200,0.0,0.0
2019-05-22 00:00:00-04:00,44.17108734343066,44.422250430132046,43.666370461560184,43.72138595581055,118994400,0.0,0.0
2019-05-23 00:00:00-04:00,43.00854766456381,43.185554921105776,42.532534068052065,42.975059509277344,146118800,0.0,0.0
2019-05-24 00:00:00-04:00,43.104241988346736,43.56829490792796,42.726302019305706,42.81002426147461,94858800,0.0,0.0
2019-05-28 00:00:00-04:00,42.79806098088244,43.19752825231062,42.55646805143749,42.63301086425781,111792800,0.0,0.0
2019-05-29 00:00:00-04:00,42.200055575560086,42.90091998412499,42.09959108029265,42.429691314697266,113924800,0.0,0.0
2019-05-30 00:00:00-04:00,42.56603514665155,42.87221370220988,42.259856591093225,42.649757385253906,84873600,0.0,0.0
2019-05-31 00:00:00-04:00,42.15461188376971,42.575610183606656,41.858003426997364,41.877140045166016,108174400,0.0,0.0
2019-06-03 00:00:00-04:00,42.0039165147465,42.558863836181885,40.72896808562691,41.45375061035156,161584400,0.0,0.0
2019-06-04 00:00:00-04:00,41.96564616438153,43.0157439669586,41.74558051747907,42.97029495239258,123872000,0.0,0.0
2019-06-05 00:00:00-04:00,44.0801918196271,44.250027028807736,43.329096875378795,43.663978576660156,119093600,0.0,0.0
2019-06-06 00:00:00-04:00,43.79314204238784,44.36483519131341,43.570682084053516,44.30503463745117,90105200,0.0,0.0
2019-06-07 00:00:00-04:00,44.613602808905426,45.90768763912735,44.4365955097193,45.48429870605469,122737600,0.0,0.0
2019-06-10 00:00:00-04:00,45.88137267413092,46.732931908705964,45.835923672858236,46.06555938720703,104883600,0.0,0.0
2019-06-11 00:00:00-04:00,46.61093697424961,46.8836273136479,46.309543541210125,46.598976135253906,107731600,0.0,0.0
2019-06-12 00:00:00-04:00,46.39326612217786,46.87645558984888,46.259313473699386,46.45067596435547,73012800,0.0,0.0
2019-06-13 00:00:00-04:00,46.57267447769808,47.072606273434246,46.30955420885947,46.44111251831055,86698400,0.0,0.0
2019-06-14 00:00:00-04:00,45.819192423091415,46.30716341463391,45.52018960598685,46.103843688964844,75046000,0.0,0.0
2019-06-17 00:00:00-04:00,46.14211377579519,46.63487348967202,45.96749715069551,46.37892532348633,58676400,0.0,0.0
2019-06-18 00:00:00-04:00,46.8955931379687,47.90980815375586,46.69466416124891,47.46967697143555,106204000,0.0,0.0
2019-06-19 00:00:00-04:00,47.76389566380698,47.811739025879014,47.19698759262692,47.33094024658203,84496800,0.0,0.0
2019-06-20 00:00:00-04:00,47.92894825704651,47.986358104546575,47.36921593118183,47.71127700805664,86056000,0.0,0.0
2019-06-21 00:00:00-04:00,47.55341482840855,48.043780241000434,47.39793115371799,47.54862976074219,191202400,0.0,0.0
2019-06-24 00:00:00-04:00,47.491204251365325,47.87871430604713,47.402700603352024,47.50077438354492,72881600,0.0,0.0
2019-06-25 00:00:00-04:00,47.464891779808674,47.66343004792434,46.713797002206945,46.78077697753906,84281200,0.0,0.0
2019-06-26 00:00:00-04:00,47.30702234220642,48.07725375444767,47.20655785147097,47.7926025390625,104270000,0.0,0.0
2019-06-27 00:00:00-04:00,47.90982142160545,48.21600368750745,47.73759914382003,47.778263092041016,83598800,0.0,0.0
2019-06-28 00:00:00-04:00,47.524699340515674,47.720846929488616,47.13480217086817,47.3429069519043,124442400,0.0,0.0
2019-07-01 00:00:00-04:00,48.59871092795432,48.91445958647006,47.99592035711078,48.211204528808594,109012000,0.0,0.0
2019-07-02 00:00:00-04:00,48.177720388644275,48.5891485023053,48.165759547562075,48.493465423583984,67740800,0.0,0.0
2019-07-03 00:00:00-04:00,48.62502124767299,48.90249666609173,48.48389283052297,48.895320892333984,45448000,0.0,0.0
2019-07-05 00:00:00-04:00,48.641776546255905,49.055595395919944,48.534132619231094,48.852272033691406,69062000,0.0,0.0
2019-07-08 00:00:00-04:00,48.0341982544595,48.17532669133114,47.46011437400138,47.84523010253906,101354400,0.0,0.0
2019-07-09 00:00:00-04:00,47.64908366307894,48.20164023244244,47.555794939029724,48.13705825805664,82312000,0.0,0.0
2019-07-10 00:00:00-04:00,48.28296724647705,48.73266491650779,48.21359656204675,48.61306381225586,71588400,0.0,0.0
2019-07-11 00:00:00-04:00,48.63220334558516,48.890542184265826,48.24948197897164,48.25904846191406,80767200,0.0,0.0
2019-07-12 00:00:00-04:00,48.426486993480296,48.797251151333036,48.36668644059876,48.62981033325195,70380800,0.0,0.0
2019-07-15 00:00:00-04:00,48.8187648524612,49.244544378177366,48.797237535415285,49.086673736572266,67789600,0.0,0.0
2019-07-16 00:00:00-04:00,48.93838981534798,49.301978274892384,48.67766022623897,48.91686248779297,67467200,0.0,0.0
2019-07-17 00:00:00-04:00,48.80921404901501,49.057982753514956,48.62263660815599,48.64177322387695,56430000,0.0,0.0
2019-07-18 00:00:00-04:00,48.79725175606653,49.246953087288276,48.72549036173215,49.19432830810547,74162400,0.0,0.0
2019-07-19 00:00:00-04:00,49.22541480969587,49.39524996275497,48.40495308770733,48.45996856689453,83717200,0.0,0.0
2019-07-22 00:00:00-04:00,48.71352835732806,49.569872702739694,48.70396187494887,49.567481994628906,89111600,0.0,0.0
2019-07-23 00:00:00-04:00,49.86409602597792,49.97173629421098,49.5842262186613,49.95499038696289,73420800,0.0,0.0
2019-07-24 00:00:00-04:00,49.67512729577653,50.029145578681785,49.5555261792605,49.914329528808594,59966400,0.0,0.0
2019-07-25 00:00:00-04:00,49.9669526841349,50.050674922943,49.450275001634395,49.51964569091797,55638400,0.0,0.0
2019-07-26 00:00:00-04:00,49.62967672847252,50.1678817358878,49.54834884778114,49.691871643066406,70475600,0.0,0.0
2019-07-29 00:00:00-04:00,49.86410995029182,50.3855691797602,49.859324882608135,50.15593338012695,86693600,0.0,0.0
2019-07-30 00:00:00-04:00,49.935858243770845,50.27074356929918,49.5890157262072,49.940643310546875,135742800,0.0,0.0
2019-07-31 00:00:00-04:00,51.76813356725592,52.95218358731956,50.54341961599089,50.95962905883789,277125600,0.0,0.0
2019-08-01 00:00:00-04:00,51.16535872118057,52.15326516054023,49.45267342174729,49.8569221496582,216071600,0.0,0.0
2019-08-02 00:00:00-04:00,49.16322646839944,49.37850698227008,48.2303393750456,48.802032470703125,163448400,0.0,0.0
2019-08-05 00:00:00-04:00,47.359645023139706,47.51751570162563,46.065560241571106,46.247352600097656,209572000,0.0,0.0
2019-08-06 00:00:00-04:00,46.957786951818015,47.37878519253508,46.414796893585645,47.12283706665039,143299200,0.0,0.0
2019-08-07 00:00:00-04:00,46.74251522038932,47.73520315465886,46.36218449713358,47.610816955566406,133457600,0.0,0.0
2019-08-08 00:00:00-04:00,47.88829307510755,48.684837061406505,47.69453982302289,48.66091537475586,108038000,0.0,0.0
2019-08-09 00:00:00-04:00,48.33435586806552,48.68491595492223,47.851730305039446,48.25992202758789,98478800,0.1925,0.0
2019-08-12 00:00:00-04:00,47.93097076329877,48.51444257030938,47.81811826695935,48.13746643066406,89927600,0.0,0.0
2019-08-13 00:00:00-04:00,48.267127875565244,50.93716177711402,48.13746584722147,50.17601013183594,188874000,0.0,0.0
2019-08-14 00:00:00-04:00,48.780960598066514,49.56852452960049,48.644095544305394,48.68251419067383,146189600,0.0,0.0
2019-08-15 00:00:00-04:00,48.852997569788144,49.256382389403456,47.942974606430376,48.440006256103516,108909600,0.0,0.0
2019-08-16 00:00:00-04:00,49.04989224511873,49.74141334366734,48.94424278130665,49.58293914794922,110481600,0.0,0.0
2019-08-19 00:00:00-04:00,50.57219735243816,51.07883190639441,50.43053268655295,50.50736999511719,97654400,0.0,0.0
2019-08-20 00:00:00-04:00,50.634624409226056,51.22769905454453,50.50016279412302,50.509765625,107537200,0.0,0.0
2019-08-21 00:00:00-04:00,51.14125698244228,51.29972750063154,50.807502749106995,51.05721664428711,86141600,0.0,0.0
2019-08-22 00:00:00-04:00,51.189276167751544,51.48941498513007,50.60340461002002,51.01399612426758,89014800,0.0,0.0
2019-08-23 00:00:00-04:00,50.28645358396467,50.91554700309597,48.2623192659155,48.65610122680664,187272000,0.0,0.0
2019-08-26 00:00:00-04:00,49.429264742992345,49.74861290398016,49.23717515529538,49.580535888671875,104174400,0.0,0.0
2019-08-27 00:00:00-04:00,49.90947864777375,50.07515584403641,48.86979745227065,49.02106857299805,103493200,0.0,0.0
2019-08-28 00:00:00-04:00,49.00667570095276,49.39565450041869,48.81938934092808,49.350032806396484,63755200,0.0,0.0
2019-08-29 00:00:00-04:00,50.0631602076527,50.260053051987526,49.621356699521705,50.18561553955078,83962000,0.0,0.0
2019-08-30 00:00:00-04:00,50.461749711640046,50.531380318643734,49.75101924277267,50.120792388916016,84573600,0.0,0.0
2019-09-03 00:00:00-04:00,49.56612630727239,49.69818812822895,49.03548289552534,49.390846252441406,80092000,0.0,0.0
2019-09-04 00:00:00-04:00,50.036742667870506,50.29846283883695,49.77982574387522,50.22883224487305,76752400,0.0,0.0
2019-09-05 00:00:00-04:00,50.90354224548307,51.376561303793046,50.78588651283309,51.21088409423828,95654800,0.0,0.0
2019-09-06 00:00:00-04:00,51.39576734347277,51.484607253260535,51.025994300943886,51.206077575683594,77449200,0.0,0.0
2019-09-09 00:00:00-04:00,51.58546505309072,51.96964425782235,50.680248893016675,51.424591064453125,109237600,0.0,0.0
2019-09-10 00:00:00-04:00,51.35015933860669,52.0512833020213,50.83392194570283,52.032073974609375,127111600,0.0,0.0
2019-09-11 00:00:00-04:00,52.36101772978543,53.71524388706847,52.27937718938957,53.68642807006836,177158400,0.0,0.0
2019-09-12 00:00:00-04:00,53.97695957103258,54.365938262129696,53.511143592714376,53.566368103027344,128906800,0.0,0.0
2019-09-13 00:00:00-04:00,52.82443080357143,53.01411692029238,52.10890090309722,52.5242919921875,159053200,0.0,0.0
2019-09-16 00:00:00-04:00,52.279389641889566,52.855658489704425,52.23857119387094,52.80043029785156,84632400,0.0,0.0
2019-09-17 00:00:00-04:00,52.81483190453855,53.02132756869173,52.61313582378596,52.99251174926758,73274800,0.0,0.0
2019-09-18 00:00:00-04:00,53.07895237436418,53.508753239988586,52.6899736146539,53.48954391479492,101360000,0.0,0.0
2019-09-19 00:00:00-04:00,53.307052941713785,53.72724727960935,52.91327096589523,53.05493927001953,88242400,0.0,0.0
2019-09-20 00:00:00-04:00,53.15578449922015,53.43911377467882,52.216949430695024,52.27937698364258,221652400,0.0,0.0
2019-09-23 00:00:00-04:00,52.572318178824,52.78601688512093,52.2601730542611,52.517093658447266,76662000,0.0,0.0
2019-09-24 00:00:00-04:00,53.07175336927151,53.42231716904428,52.1497276727192,52.26737976074219,124763200,0.0,0.0
2019-09-25 00:00:00-04:00,52.4762724285388,53.18459931647141,52.13771495764018,53.071746826171875,87613600,0.0,0.0
2019-09-26 00:00:00-04:00,52.82444322143439,53.050148246862,52.54351366759515,52.798030853271484,75334000,0.0,0.0
2019-09-27 00:00:00-04:00,52.95409485593707,53.05494473156102,52.17133407059121,52.541107177734375,101408000,0.0,0.0
2019-09-30 00:00:00-04:00,53.04053666142086,53.924147350243985,53.01412429579234,53.777679443359375,103909600,0.0,0.0
2019-10-01 00:00:00-04:00,54.041803963537824,54.798152420020195,53.832904827025864,53.92654800415039,139223200,0.0,0.0
2019-10-02 00:00:00-04:00,53.55917160743665,53.68403038252034,52.3274007167669,52.5747184753418,138449200,0.0,0.0
2019-10-03 00:00:00-04:00,52.447459000713295,53.05494337549281,51.65509540469614,53.02132797241211,114426000,0.0,0.0
2019-10-04 00:00:00-04:00,54.17865934180888,54.622866267592265,53.7584649875072,54.50761032104492,138478800,0.0,0.0
2019-10-07 00:00:00-04:00,54.3299328547412,55.20873658677315,54.22668318942507,54.51961898803711,122306000,0.0,0.0
2019-10-08 00:00:00-04:00,54.22187750074084,54.75972389234403,53.86411072762326,53.880916595458984,111820000,0.0,0.0
2019-10-09 00:00:00-04:00,54.51240539550781,54.694888454476924,54.17865121925164,54.51240539550781,74770400,0.0,0.0
2019-10-10 00:00:00-04:00,54.728517233423744,55.33119839486909,54.577249742952276,55.24715805053711,113013600,0.0,0.0
2019-10-11 00:00:00-04:00,55.933864711609424,57.05998604876927,55.78019379619807,56.71662902832031,166795600,0.0,0.0
2019-10-14 00:00:00-04:00,56.402094083727334,57.17765554935528,56.34686955839495,56.63500213623047,96427600,0.0,0.0
2019-10-15 00:00:00-04:00,56.75985041805286,57.06238901917909,56.397284055002885,56.502933502197266,87360000,0.0,0.0
2019-10-16 00:00:00-04:00,56.034714997954104,56.48372515630135,55.99389655879597,56.27482604980469,73903200,0.0,0.0
2019-10-17 00:00:00-04:00,56.447714031568175,56.702231195180964,56.07074153370897,56.49333572387695,67585200,0.0,0.0
2019-10-18 00:00:00-04:00,56.327652182971896,57.04558556492881,56.255618132854494,56.76465606689453,97433600,0.0,0.0
2019-10-21 00:00:00-04:00,57.03118520017032,57.864370947488375,56.983163716549996,57.749114990234375,87247200,0.0,0.0
2019-10-22 00:00:00-04:00,57.90519037069038,58.15490428802028,57.53541724657344,57.61705780029297,82293600,0.0,0.0
2019-10-23 00:00:00-04:00,58.130888664552984,58.40461512439032,57.91958976088768,58.39020538330078,75828800,0.0,0.0
2019-10-24 00:00:00-04:00,58.70956101444865,58.77919528194411,58.06126180732885,58.48625946044922,69275200,0.0,0.0
2019-10-25 00:00:00-04:00,58.38540555436381,59.24260012348222,58.31817475144487,59.20658493041992,73477200,0.0,0.0
2019-10-28 00:00:00-04:00,59.40828132176833,59.847685025604804,59.240204303203505,59.79966354370117,96572800,0.0,0.0
2019-10-29 00:00:00-04:00,59.780443269642596,59.967729579429026,58.24373414734281,58.41661071777344,142839600,0.0,0.0
2019-10-30 00:00:00-04:00,58.76957511884041,58.89923712839204,57.91718388272271,58.40940856933594,124522000,0.0,0.0
2019-10-31 00:00:00-04:00,59.36505627876599,59.828468838504534,56.968745403896456,59.73002243041992,139162000,0.0,0.0
2019-11-01 00:00:00-04:00,59.91731576023175,61.45162537567779,59.826076043549875,61.42521667480469,151125200,0.0,0.0
2019-11-04 00:00:00-05:00,61.78777210588694,61.912634539198656,61.31955996379076,61.82859420776367,103272000,0.0,0.0
2019-11-05 00:00:00-05:00,61.72054454973453,61.99427467320338,61.545268167001495,61.7397575378418,79897600,0.0,0.0
2019-11-06 00:00:00-05:00,61.65332942669499,61.826209725588754,61.31717532540429,61.76618194580078,75864400,0.0,0.0
2019-11-07 00:00:00-05:00,62.31285217221587,62.700595407259684,62.16112687805122,62.479026794433594,94940400,0.1925,0.0
2019-11-08 00:00:00-05:00,62.300830334874874,62.72228633262154,61.857700339197216,62.65003967285156,69986400,0.0,0.0
2019-11-11 00:00:00-05:00,62.2068905553272,63.2111630337341,62.20207656212333,63.146141052246094,81821200,0.0,0.0
2019-11-12 00:00:00-05:00,62.9895835347863,63.288220102882214,62.83786560415839,63.08832550048828,87388800,0.0,0.0
2019-11-13 00:00:00-05:00,62.88845879591601,63.7674940904905,62.87400946446836,63.69283676147461,102734400,0.0,0.0
2019-11-14 00:00:00-05:00,63.519433306302396,63.791574613561565,63.122062018099385,63.252113342285156,89182800,0.0,0.0
2019-11-15 00:00:00-05:00,63.502574886013555,64.00832351523762,63.34122157477898,64.00350952148438,100206400,0.0,0.0
2019-11-18 00:00:00-05:00,64.01312410296957,64.40568132510607,63.635023558282754,64.32621002197266,86703200,0.0,0.0
2019-11-19 00:00:00-05:00,64.51889292314802,64.54297759366457,63.914409585956776,64.13115692138672,76167200,0.0,0.0
2019-11-20 00:00:00-05:00,63.9505046207332,64.08054855468487,62.71262513008036,63.38454818725586,106234400,0.0,0.0
2019-11-21 00:00:00-05:00,63.50496816719241,63.5820361437923,62.90047770949757,63.100372314453125,121395200,0.0,0.0
2019-11-22 00:00:00-05:00,63.24006001374813,63.3821499803746,62.81860410694484,63.044986724853516,65325200,0.0,0.0
2019-11-25 00:00:00-05:00,63.26896758200509,64.16727351573608,63.22320891771047,64.1504135131836,84020400,0.0,0.0
2019-11-26 00:00:00-05:00,64.2876744119495,64.34065772923968,63.21838008089831,63.649471282958984,105207600,0.0,0.0
2019-11-27 00:00:00-05:00,63.960142519969104,64.53814504778033,63.89512054291369,64.50442504882812,65235600,0.0,0.0
2019-11-29 00:00:00-05:00,64.20580352668654,64.54296680875088,64.0372182108502,64.36234283447266,46617600,0.0,0.0
2019-12-02 00:00:00-05:00,64.36717100113304,64.6031890253518,63.44719827527335,63.618186950683594,94487200,0.0,0.0
2019-12-03 00:00:00-05:00,62.20928904177194,62.50310426103313,61.722811237581595,62.48384094238281,114430400,0.0,0.0
2019-12-04 00:00:00-05:00,62.87398609773291,63.41344720358199,62.78005812862185,63.03533935546875,67181600,0.0,0.0
2019-12-05 00:00:00-05:00,63.529052579721196,64.03480106846754,63.27377133913998,63.96013641357422,74424400,0.0,0.0
2019-12-06 00:00:00-05:00,64.4177276122505,65.26545336433453,64.3743722789269,65.19561004638672,106075600,0.0,0.0
2019-12-09 00:00:00-05:00,65.02461888758106,65.21728148518294,63.79878528754208,64.2828598022461,128042400,0.0,0.0
2019-12-10 00:00:00-05:00,64.68746799612504,65.04149128263923,64.0275834068731,64.6585693359375,90420400,0.0,0.0
2019-12-11 00:00:00-05:00,64.73802401273718,65.28953113493121,64.6633667099047,65.21005249023438,78756800,0.0,0.0
2019-12-12 00:00:00-05:00,64.48997619221315,65.64115256416365,64.3791955584024,65.37623596191406,137310400,0.0,0.0
2019-12-13 00:00:00-05:00,65.37624490379989,66.3010387920999,65.24860425293159,66.2649154663086,133587600,0.0,0.0
2019-12-16 00:00:00-05:00,66.71043995432287,67.62319496321233,66.70562596191743,67.39921569824219,128186000,0.0,0.0
2019-12-17 00:00:00-05:00,67.32937171566562,67.8591974518186,67.14392646084711,67.53166961669922,114158400,0.0,0.0
2019-12-18 00:00:00-05:00,67.38476487826064,67.89051335467951,67.22100094482415,67.37031555175781,116028400,0.0,0.0
2019-12-19 00:00:00-05:00,67.31255227805633,67.71714832390705,67.18009760161088,67.43778228759766,98369200,0.0,0.0
2019-12-20 00:00:00-05:00,67.9699882290766,68.0711335089849,67.08613194245461,67.29806518554688,275978000,0.0,0.0
2019-12-23 00:00:00-05:00,67.56057609253462,68.45647110065944,67.52204210459728,68.3962631225586,98572000,0.0,0.0
2019-12-24 00:00:00-05:00,68.562448734815,68.61061806486987,68.13617882730028,68.46129608154297,48478800,0.0,0.0
2019-12-26 00:00:00-05:00,68.59376152611499,69.83645533824492,68.5648628664668,69.81959533691406,93121200,0.0,0.0
2019-12-27 00:00:00-05:00,70.11099839799601,70.79737094783557,69.38850252439819,69.79309844970703,146266000,0.0,0.0
2019-12-30 00:00:00-05:00,69.71119283116963,70.4890824372006,68.69006802789379,70.20730590820312,144114400,0.0,0.0
2019-12-31 00:00:00-05:00,69.82438857743935,70.72750817106555,69.72564661991683,70.72028350830078,100805600,0.0,0.0
2020-01-02 00:00:00-05:00,71.34405442839761,72.39408555090253,71.0911838210517,72.33387756347656,135480400,0.0,0.0
2020-01-03 00:00:00-05:00,71.56322834377139,72.38928035156616,71.40668901147588,71.63066101074219,146322800,0.0,0.0
2020-01-06 00:00:00-05:00,70.75401351048198,72.23994237629597,70.50354624985978,72.20140838623047,118387200,0.0,0.0
2020-01-07 00:00:00-05:00,72.21104883104543,72.46633010238772,71.64268897397623,71.86184692382812,108872000,0.0,0.0
2020-01-08 00:00:00-05:00,71.56563615467269,73.31889277543256,71.56563615467269,73.01785278320312,132079200,0.0,0.0
2020-01-09 00:00:00-05:00,73.99320238999518,74.76145686133366,73.74274246581768,74.56879425048828,170108400,0.0,0.0
2020-01-10 00:00:00-05:00,74.80239504412852,75.30091887725054,74.23643856809193,74.73736572265625,140644800,0.0,0.0
2020-01-13 00:00:00-05:00,75.05287082554342,76.36058652225458,74.93485817482635,76.33409118652344,121532000,0.0,0.0
2020-01-14 00:00:00-05:00,76.27148630079421,76.48100893453174,75.18051779267843,75.30333709716797,161954400,0.0,0.0
2020-01-15 00:00:00-05:00,75.10342506334987,75.98245997667709,74.54950731619692,74.98059844970703,121923600,0.0,0.0
2020-01-16 00:00:00-05:00,75.52248959606675,76.03064882750155,75.1612416745226,75.91986083984375,108829200,0.0,0.0
2020-01-17 00:00:00-05:00,76.16789376021451,76.7627487799805,75.8620399276341,76.76034545898438,137816400,0.0,0.0
2020-01-21 00:00:00-05:00,76.38949561952354,76.83021490503033,76.10290497799846,76.24018096923828,110843200,0.0,0.0
2020-01-22 00:00:00-05:00,76.72423978617735,77.06381371935198,76.41838585398544,76.51231384277344,101832400,0.0,0.0
2020-01-23 00:00:00-05:00,76.56530142477,76.96026202494508,76.01860816134078,76.88079071044922,104472000,0.0,0.0
2020-01-24 00:00:00-05:00,77.12644008388187,77.86819933392093,76.46896614550444,76.65922546386719,146537600,0.0,0.0
2020-01-27 00:00:00-05:00,74.67235687385795,75.08417746726008,73.42484908589569,74.40503692626953,161940000,0.0,0.0
2020-01-28 00:00:00-05:00,75.28406920782065,76.68089158109271,75.18532722614749,76.50990295410156,162234000,0.0,0.0
2020-01-29 00:00:00-05:00,78.1379073772642,78.95673430952284,77.39855173256706,78.11141204833984,216229200,0.0,0.0
2020-01-30 00:00:00-05:00,77.19628560206807,78.05123619869995,76.7651942962083,77.99825286865234,126743200,0.0,0.0
2020-01-31 00:00:00-05:00,77.29018275843434,77.71163859900423,74.24607125177067,74.53988647460938,199588400,0.0,0.0
2020-02-03 00:00:00-05:00,73.28515870612867,75.4984048922783,72.78423148900761,74.33518981933594,173788400,0.0,0.0
2020-02-04 00:00:00-05:00,75.9367288800473,76.97953543976107,75.53213292898627,76.78927612304688,136616400,0.0,0.0
2020-02-05 00:00:00-05:00,77.91393700101683,78.21257356762338,76.81334075627086,77.41542053222656,118826800,0.0,0.0
2020-02-06 00:00:00-05:00,77.68516086755363,78.3233640404218,77.12883967256218,78.32095336914062,105425600,0.0,0.0
2020-02-07 00:00:00-05:00,77.82126159942887,78.0699069624119,76.76632925971391,77.25637817382812,117684000,0.1925,0.0
2020-02-10 00:00:00-05:00,75.84415588740227,77.62329864501953,75.7644959675757,77.62329864501953,109348800,0.0,0.0
2020-02-11 00:00:00-05:00,78.11818095050265,78.19059906005786,76.9377141953968,77.15497589111328,94323200,0.0,0.0
2020-02-12 00:00:00-05:00,77.60399117788235,78.99206144129231,77.60399117788235,78.98723602294922,113730400,0.0,0.0
2020-02-13 00:00:00-05:00,78.26060628866534,78.7506551305069,78.05782821966719,78.42475891113281,94747600,0.0,0.0
2020-02-14 00:00:00-05:00,78.39338411922328,78.69272952184373,77.93713525426901,78.44408416748047,80113600,0.0,0.0
2020-02-18 00:00:00-05:00,76.12903124734841,77.18879652471752,75.94797855808011,77.00774383544922,152531200,0.0,0.0
2020-02-19 00:00:00-05:00,77.24912158938099,78.35233737517142,77.24912158938099,78.12300109863281,93984000,0.0,0.0
2020-02-20 00:00:00-05:00,77.88400744802773,78.3716398349872,76.81700080414447,77.321533203125,100566000,0.0,0.0
2020-02-21 00:00:00-05:00,76.91599243144344,77.35776502195542,74.95579692410486,75.57137298583984,129554000,0.0,0.0
2020-02-24 00:00:00-05:00,71.75961758398634,73.43012593023869,69.82114748147725,71.98170471191406,222195200,0.0,0.0
2020-02-25 00:00:00-05:00,72.65038734565039,73.03180163978591,69.07278565467855,69.54351806640625,230673600,0.0,0.0
2020-02-26 00:00:00-05:00,69.16935530367469,71.90928692764982,69.16211349223191,70.64674377441406,198054800,0.0,0.0
2020-02-27 00:00:00-05:00,67.85854496748809,69.04142098650374,65.89351637245633,66.02870178222656,320605600,0.0,0.0
2020-02-28 00:00:00-05:00,62.103468343907636,67.20915102510166,61.88861568726967,65.99005889892578,426510000,0.0,0.0
2020-03-02 00:00:00-05:00,68.14338175177791,72.76867383608672,67.04258234775999,72.13378143310547,341397200,0.0,0.0
2020-03-03 00:00:00-05:00,73.3069988099028,73.38665871766685,68.99311238709194,69.84285736083984,319475600,0.0,0.0
2020-03-04 00:00:00-05:00,71.56164999828624,73.24181619852034,70.76260504877715,73.08248901367188,219178400,0.0,0.0
2020-03-05 00:00:00-05:00,71.33955724756618,72.31241302487865,70.34739243241086,70.7119140625,187572800,0.0,0.0
2020-03-06 00:00:00-05:00,68.07579869358199,70.20497969740977,67.88992061879122,69.77286529541016,226176800,0.0,0.0
2020-03-09 00:00:00-04:00,63.67015682235863,67.13188124194363,63.48910424371685,64.25435638427734,286744800,0.0,0.0
2020-03-10 00:00:00-04:00,66.9025682079639,69.14761776690831,65.02685833500999,68.88207244873047,285290000,0.0,0.0
2020-03-11 00:00:00-04:00,66.96292517997638,67.88749740945617,65.62795665733853,66.4897689819336,255598800,0.0,0.0
2020-03-12 00:00:00-04:00,61.78481034349421,65.17894285229022,59.86806602728879,59.923587799072266,418474000,0.0,0.0
2020-03-13 00:00:00-04:00,63.94538103600016,67.57367559511492,61.06301877546382,67.10293579101562,370732000,0.0,0.0
2020-03-16 00:00:00-04:00,58.40758108532822,62.542820889319664,57.93684495675963,58.4703483581543,322423600,0.0,0.0
2020-03-17 00:00:00-04:00,59.74978006097213,62.1879532458274,57.55059398806874,61.041290283203125,324056000,0.0,0.0
2020-03-18 00:00:00-04:00,57.881318208922394,60.35087498179023,57.24159672400037,59.547000885009766,300233600,0.0,0.0
2020-03-19 00:00:00-04:00,59.72080725380135,61.03645549375763,58.56689890473273,59.09074401855469,271857200,0.0,0.0
2020-03-20 00:00:00-04:00,59.67011594836406,60.79264444451166,55.03999854094989,55.33934020996094,401693200,0.0,0.0
2020-03-23 00:00:00-04:00,55.05932030955582,55.160709355187784,51.324807219579434,54.16371154785156,336752800,0.0,0.0
2020-03-24 00:00:00-04:00,57.05813231967632,59.79323446043245,56.56084169108887,59.59769821166992,287531200,0.0,0.0
2020-03-25 00:00:00-04:00,60.53192552123785,62.34245170831376,58.97487373705756,59.269386291503906,303602000,0.0,0.0
2020-03-26 00:00:00-04:00,59.51078437689467,62.44624776872447,59.47215893769996,62.38831329345703,252087200,0.0,0.0
2020-03-27 00:00:00-04:00,61.01473181958192,61.767909526223264,59.638732669554486,59.805301666259766,204216800,0.0,0.0
2020-03-30 00:00:00-04:00,60.529517371062305,61.68342585318123,60.206033868463194,61.512027740478516,167976400,0.0,0.0
2020-03-31 00:00:00-04:00,61.70272768965909,63.365993747799614,60.833673734330254,61.3864860534668,197002000,0.0,0.0
2020-04-01 00:00:00-04:00,59.50596949204973,60.04188561745125,57.726826674200176,58.156524658203125,176218400,0.0,0.0
2020-04-02 00:00:00-04:00,58.01891951220774,59.18006982201146,57.188490836952404,59.12696075439453,165934000,0.0,0.0
2020-04-03 00:00:00-04:00,58.61277240805976,59.31284110700112,57.68819653151743,58.2772216796875,129880000,0.0,0.0
2020-04-06 00:00:00-04:00,60.568131689303875,63.51566611882468,60.20120105165565,63.36117172241211,201820400,0.0,0.0
2020-04-07 00:00:00-04:00,65.3720644929947,65.58933353543772,62.52350615550967,62.6273078918457,202887200,0.0,0.0
2020-04-08 00:00:00-04:00,63.42636197678972,64.54406151460887,63.061847651130236,64.23023986816406,168895200,0.0,0.0
2020-04-09 00:00:00-04:00,64.86512738575412,65.19584902236409,63.89951332637289,64.6937255859375,161834800,0.0,0.0
2020-04-13 00:00:00-04:00,64.77098217772529,66.07215077341053,64.17229875609489,65.96351623535156,131022800,0.0,0.0
2020-04-14 00:00:00-04:00,67.59299170512948,69.58457092501276,67.12225185179103,69.29488372802734,194994800,0.0,0.0
2020-04-15 00:00:00-04:00,68.17233530641538,69.12104913161228,67.74505383638481,68.66238403320312,131154400,0.0,0.0
2020-04-16 00:00:00-04:00,69.3745233735621,69.5724759670409,68.16026433690568,69.20795440673828,157125200,0.0,0.0
2020-04-17 00:00:00-04:00,68.72516946310567,69.27074378183441,66.83497575491855,68.26891326904297,215250000,0.0,0.0
2020-04-20 00:00:00-04:00,67.09811161151838,67.99854202997274,66.83256626499734,66.85187530517578,130015200,0.0,0.0
2020-04-21 00:00:00-04:00,66.69494844279068,66.92911009651182,64.07571939662287,64.78544616699219,180991600,0.0,0.0
2020-04-22 00:00:00-04:00,66.05041238241853,67.0860355273564,65.71003990834832,66.6515121459961,116862400,0.0,0.0
2020-04-23 00:00:00-04:00,66.59598178954948,68.01543553598502,66.35457829164004,66.39320373535156,124814400,0.0,0.0
2020-04-24 00:00:00-04:00,66.91706365013007,68.3196176159111,66.8687799957314,68.3099594116211,126161200,0.0,0.0
2020-04-27 00:00:00-04:00,68.02751680090847,68.68896753125865,67.58092613126625,68.35824584960938,117087600,0.0,0.0
2020-04-28 00:00:00-04:00,68.81930583953189,69.00035846269303,67.15845596472252,67.25018310546875,112004800,0.0,0.0
2020-04-29 00:00:00-04:00,68.73484231712963,69.92737656274731,68.53206419889801,69.45905303955078,137280800,0.0,0.0
2020-04-30 00:00:00-04:00,69.99738093637826,71.10059707992315,69.60872470353117,70.92436981201172,183064000,0.0,0.0
2020-05-01 00:00:00-04:00,69.10174923798432,72.17964374552773,69.0051893150792,69.78250885009766,240616800,0.0,0.0
2020-05-04 00:00:00-04:00,69.8066465413913,70.8977876030395,69.11864515995262,70.76984405517578,133568000,0.0,0.0
2020-05-05 00:00:00-04:00,71.2285073158129,72.66244451792257,71.08366376030753,71.83201599121094,147751200,0.0,0.0
2020-05-06 00:00:00-04:00,72.53210878963873,73.20321036598678,72.14827802802382,72.57315063476562,142333600,0.0,0.0
2020-05-07 00:00:00-04:00,73.19836352852457,73.66910326152602,72.89660917840814,73.32389068603516,115215200,0.0,0.0
2020-05-08 00:00:00-04:00,73.98230402182824,75.12239040799929,73.65552559886389,75.06913757324219,133838400,0.205,0.0
2020-05-11 00:00:00-04:00,74.57775171164975,76.74415709638575,74.36957888241814,76.2503662109375,145946400,0.0,0.0
2020-05-12 00:00:00-04:00,76.93297679324957,77.3832066763356,75.25794640867731,75.37897491455078,162301200,0.0,0.0
2020-05-13 00:00:00-04:00,75.55808267285332,76.4779036027934,73.39409274246334,74.46882629394531,200622400,0.0,0.0
2020-05-14 00:00:00-04:00,73.70876906438306,74.98682954910396,72.98743664654351,74.92631530761719,158929200,0.0,0.0
2020-05-15 00:00:00-04:00,72.70181680027588,74.52934407916516,72.66792527667609,74.48335266113281,166348400,0.0,0.0
2020-05-18 00:00:00-04:00,75.80498930633232,76.61103581678174,75.11512542110488,76.23826599121094,135178400,0.0,0.0
2020-05-19 00:00:00-04:00,76.25522103808397,77.0999976554672,75.76626852775506,75.79773712158203,101729600,0.0,0.0
2020-05-20 00:00:00-04:00,76.65461600601195,77.34205706251838,76.61588599602642,77.27186584472656,111504800,0.0,0.0
2020-05-21 00:00:00-04:00,77.1338698714014,77.67365953830173,76.45852890117943,76.69574737548828,102688800,0.0,0.0
2020-05-22 00:00:00-04:00,76.43432078527125,77.27184315466477,76.33266100253039,77.18954467773438,81803200,0.0,0.0
2020-05-26 00:00:00-04:00,78.30543299444078,78.48455279572174,76.61103413521022,76.66670989990234,125522000,0.0,0.0
2020-05-27 00:00:00-04:00,76.52388732434491,77.14596806852482,75.78560919845494,77.000732421875,112945200,0.0,0.0
2020-05-28 00:00:00-04:00,76.67638285095582,78.29090607267398,76.4004417495467,77.03462982177734,133560800,0.0,0.0
2020-05-29 00:00:00-04:00,77.2767040924692,77.736610955793,76.60378586836536,76.95960998535156,153532400,0.0,0.0
2020-06-01 00:00:00-04:00,76.91361639836452,78.0270801430567,76.78290354210658,77.90605163574219,80791200,0.0,0.0
2020-06-02 00:00:00-04:00,77.6397816394303,78.29091555107586,77.1992361328535,78.26670837402344,87642800,0.0,0.0
2020-06-03 00:00:00-04:00,78.58622664893751,78.9589964979716,78.0149682866651,78.69757080078125,104491200,0.0,0.0
2020-06-04 00:00:00-04:00,78.52088097581583,78.81860638544032,77.64705128445249,78.01982116699219,87560400,0.0,0.0
2020-06-05 00:00:00-04:00,78.26911957554665,80.30239656428226,78.24007392223491,80.24188232421875,137250400,0.0,0.0
2020-06-08 00:00:00-04:00,79.93930785149966,80.75020011255444,79.2300827598663,80.71630859375,95654400,0.0,0.0
2020-06-09 00:00:00-04:00,80.39681304328083,83.6573136410901,80.36534445233356,83.26518249511719,147712400,0.0,0.0
2020-06-10 00:00:00-04:00,84.21162466782144,85.87455499385788,83.77350211039672,85.40738677978516,166651600,0.0,0.0
2020-06-11 00:00:00-04:00,84.55293109627195,84.97653085136815,81.20528599627451,81.30694580078125,201662400,0.0,0.0
2020-06-12 00:00:00-04:00,83.44189962926336,84.18743203095863,80.90030081571983,82.00891876220703,200146000,0.0,0.0
2020-06-15 00:00:00-04:00,80.665491974399,83.67425858934295,80.50331054070764,83.02312469482422,138808800,0.0,0.0
2020-06-16 00:00:00-04:00,85.07334504214955,85.49452921505798,83.44188334314991,85.22341918945312,165428800,0.0,0.0
2020-06-17 00:00:00-04:00,85.96655029229349,86.02706454807957,84.98379936928724,85.10482788085938,114406400,0.0,0.0
2020-06-18 00:00:00-04:00,85.06125001022909,85.55504835135272,84.53114459703605,85.13871002197266,96820400,0.0,0.0
2020-06-19 00:00:00-04:00,85.84309961565448,86.3078449275457,83.54597361995395,84.65217590332031,264476000,0.0,0.0
2020-06-22 00:00:00-04:00,85.04429286253834,87.00979422869749,84.99830144840965,86.86698150634766,135445200,0.0,0.0
2020-06-23 00:00:00-04:00,88.10875691220691,90.1371959593026,87.68999560053155,88.72116088867188,212155600,0.0,0.0
2020-06-24 00:00:00-04:00,88.35079901624333,89.26819705246864,86.78226710315806,87.15503692626953,192623200,0.0,0.0
2020-06-25 00:00:00-04:00,87.30996064055707,88.35080275936323,86.55232106785238,88.31207275390625,137522400,0.0,0.0
2020-06-26 00:00:00-04:00,88.20799170182455,88.42826445687878,85.45095894340278,85.59861755371094,205256800,0.0,0.0
2020-06-29 00:00:00-04:00,85.50664216317482,87.66579402801841,85.02978953914176,87.5713882446289,130646000,0.0,0.0
2020-06-30 00:00:00-04:00,87.15988171149978,88.58802392767775,87.14052040168764,88.3023910522461,140223200,0.0,0.0
2020-07-01 00:00:00-04:00,88.37983297329643,88.9220381809634,88.08694613026117,88.1353530883789,110737200,0.0,0.0
2020-07-02 00:00:00-04:00,89.0406511103845,89.67483914156468,88.02159341265586,88.1353530883789,114041600,0.0,0.0
2020-07-06 00:00:00-04:00,89.56108299075036,90.9601720457748,89.52961440129422,90.49300384521484,118655600,0.0,0.0
2020-07-07 00:00:00-04:00,90.87060685450933,91.64760765010688,90.10086747244101,90.21221160888672,112424400,0.0,0.0
2020-07-08 00:00:00-04:00,91.1877146099101,92.34474679060094,91.10057024745561,92.31327819824219,117092000,0.0,0.0
2020-07-09 00:00:00-04:00,93.20403412942578,93.2572869587544,91.66455533300416,92.71024322509766,125642800,0.0,0.0
2020-07-10 00:00:00-04:00,92.30599364635842,92.93050469526396,91.69601281004776,92.87240600585938,90257200,0.0,0.0
2020-07-13 00:00:00-04:00,94.1746987408597,96.7792345052281,92.23098126624099,92.4439926147461,191649200,0.0,0.0
2020-07-14 00:00:00-04:00,91.82674120591236,94.16501274371473,90.89482765300735,93.97379302978516,170989200,0.0,0.0
2020-07-15 00:00:00-04:00,95.84487140313816,96.09418977539168,93.42430181349536,94.62006378173828,153198000,0.0,0.0
2020-07-16 00:00:00-04:00,93.49451003316076,94.31024088700049,92.85789898357274,93.45578002929688,110577600,0.0,0.0
2020-07-17 00:00:00-04:00,93.90602474618288,94.06093739920163,92.79497651338822,93.2669906616211,92186800,0.0,0.0
2020-07-20 00:00:00-04:00,93.35412562962276,95.37045717183655,93.01040144233045,95.23248291015625,90318000,0.0,0.0
2020-07-21 00:00:00-04:00,96.02158957813295,96.09662665534265,93.66879530005893,93.9181137084961,103433200,0.0,0.0
2020-07-22 00:00:00-04:00,93.62037944003524,94.86213298167614,93.53324246932021,94.18195343017578,89001600,0.0,0.0
2020-07-23 00:00:00-04:00,93.91568143989768,93.99314144318696,89.08664931990235,89.8951187133789,197004400,0.0,0.0
2020-07-24 00:00:00-04:00,88.09663844239333,90.01614846898383,86.31267234298356,89.67242431640625,185438800,0.0,0.0
2020-07-27 00:00:00-04:00,90.73264205708286,91.88967418415685,90.50995376100627,91.79769134521484,121214000,0.0,0.0
2020-07-28 00:00:00-04:00,91.36922942946147,91.54593364722749,90.28481172651138,90.28965759277344,103625600,0.0,0.0
2020-07-29 00:00:00-04:00,90.7713632677891,92.20434377285328,90.73505619988047,92.02037811279297,90329200,0.0,0.0
2020-07-30 00:00:00-04:00,91.1949712384762,93.23793283077006,90.7883172670131,93.13385009765625,158130000,0.0,0.0
2020-07-31 00:00:00-04:00,99.61611941491957,103.03396237192649,97.62156512089064,102.8838882446289,374336800,0.0,0.0
2020-08-03 00:00:00-04:00,104.76226254133908,108.09054616095987,104.4645371706777,105.47633361816406,308151200,0.0,0.0
2020-08-04 00:00:00-04:00,105.66511972582127,107.26995848073891,104.94378735797679,106.18070220947266,173071600,0.0,0.0
2020-08-05 00:00:00-04:00,105.9023409518437,106.88509160009556,105.43758834706337,106.5655746459961,121776800,0.0,0.0
2020-08-06 00:00:00-04:00,106.89720218347466,110.77737527223312,106.30900549573542,110.28357696533203,202428800,0.0,0.0
2020-08-07 00:00:00-04:00,109.80587577731004,110.26176460572711,106.98082882286342,107.77620697021484,198045600,0.205,0.0
2020-08-10 00:00:00-04:00,109.21903076531765,110.35875275642206,106.69710077257369,109.34270477294922,212403600,0.0,0.0
2020-08-11 00:00:00-04:00,108.60795666047292,109.10506522291367,105.83140397675015,106.09087371826172,187902400,0.0,0.0
2020-08-12 00:00:00-04:00,107.17966637873178,109.87377217439806,106.98567459916234,109.61672973632812,165598000,0.0,0.0
2020-08-13 00:00:00-04:00,110.9940770606822,112.55816241863091,110.5066629686095,111.5566635131836,210082000,0.0,0.0
2020-08-14 00:00:00-04:00,111.3820725095563,111.54696624880587,109.65066604650143,111.45724487304688,165565200,0.0,0.0
2020-08-17 00:00:00-04:00,112.57756555807367,112.60181637912858,110.54062239475888,111.16625213623047,119561600,0.0,0.0
2020-08-18 00:00:00-04:00,110.91890034610189,112.5169308684593,110.58425829007268,112.09256744384766,105633600,0.0,0.0
2020-08-19 00:00:00-04:00,112.49996719549999,113.64453639963617,112.13865437861999,112.23322296142578,145538000,0.0,0.0
2020-08-20 00:00:00-04:00,112.27444791147464,114.83760501028006,112.25747159683876,114.7236328125,126907200,0.0,0.0
2020-08-21 00:00:00-04:00,115.68148161330981,121.1181872782855,115.66935990258521,120.63562774658203,338054800,0.0,0.0
2020-08-24 00:00:00-04:00,124.83319019483912,124.91807177754512,120.21612051624737,122.0784683227539,345937600,0.0,0.0
2020-08-25 00:00:00-04:00,120.95328347307442,121.42129395286675,119.35767277780953,121.07695007324219,211495600,0.0,0.0
2020-08-26 00:00:00-04:00,122.39127306939878,123.17937664467517,121.32672345710665,122.7234878540039,163022400,0.0,0.0
2020-08-27 00:00:00-04:00,123.32487721481381,123.65709200762272,120.11425938434616,121.25640869140625,155552400,0.0,0.0
2020-08-28 00:00:00-04:00,122.22880256231407,122.64589153107447,120.83689273182479,121.05998992919922,187630000,0.0,0.0
2020-08-31 00:00:00-04:00,123.74924435405829,127.06655257654671,122.21668415759454,125.16539764404297,225702700,0.0,4.0
2020-09-01 00:00:00-04:00,128.77371625173845,130.75247109042868,126.61067882372832,130.1510772705078,151948100,0.0,0.0
2020-09-02 00:00:00-04:00,133.45864396806553,133.83693302305636,123.18662864355862,127.45450592041016,200119000,0.0,0.0
2020-09-03 00:00:00-04:00,123.09936731503697,124.97140947448622,116.88183227033254,117.25041961669922,257599600,0.0,0.0
2020-09-04 00:00:00-04:00,116.46474218511382,119.98574406174012,107.56038329847304,117.32801818847656,332607200,0.0,0.0
2020-09-08 00:00:00-04:00,110.52850942019397,115.41717816603585,109.29664597406735,109.43244171142578,231366600,0.0,0.0
2020-09-09 00:00:00-04:00,113.73911382379356,115.56266164657546,111.79916649731042,113.79730987548828,176940500,0.0,0.0
2020-09-10 00:00:00-04:00,116.7460517271874,116.88184747247477,109.122056768908,110.08232879638672,182274400,0.0,0.0
2020-09-11 00:00:00-04:00,111.12988655734183,111.77007275174712,106.6971070425851,108.63705444335938,180860300,0.0,0.0
2020-09-14 00:00:00-04:00,111.27538137934282,112.44904864015743,109.41303369608222,111.89616394042969,140150100,0.0,0.0
2020-09-15 00:00:00-04:00,114.7769823425134,115.26196916143692,110.1987055878256,112.07075500488281,184642000,0.0,0.0
2020-09-16 00:00:00-04:00,111.77005407703663,112.51693044540818,108.67583612168845,108.76313018798828,154679000,0.0,0.0
2020-09-17 00:00:00-04:00,106.42550707639862,108.83103751673956,105.44583164529507,107.02688598632812,178011000,0.0,0.0
2020-09-18 00:00:00-04:00,107.08507634439113,107.55065948223604,102.90448550905262,103.63196563720703,287104900,0.0,0.0
2020-09-21 00:00:00-04:00,101.40102719267546,106.88137876477124,100.00426303120828,106.7746810913086,195713800,0.0,0.0
2020-09-22 00:00:00-04:00,109.29662320835186,109.47121874863322,105.88231946545223,108.45274353027344,183055400,0.0,0.0
2020-09-23 00:00:00-04:00,108.26845317272523,108.74373815268274,103.56407541081022,103.90357208251953,150718700,0.0,0.0
2020-09-24 00:00:00-04:00,102.01213533208141,106.93960365288808,101.84724157417912,104.9705581665039,167743300,0.0,0.0
2020-09-25 00:00:00-04:00,105.1742189014069,109.0638144126492,104.43703702539038,108.90861511230469,149981400,0.0,0.0
2020-09-28 00:00:00-04:00,111.55667272467461,111.85736219121794,109.39362820642745,111.50817108154297,137672400,0.0,0.0
2020-09-29 00:00:00-04:00,111.11047045765872,111.84764500982021,110.15989314523581,110.66427612304688,99382200,0.0,0.0
2020-09-30 00:00:00-04:00,110.37330565840851,113.73911550361659,110.20841190929694,112.33264923095703,142675200,0.0,0.0
2020-10-01 00:00:00-04:00,114.10768678427674,114.18528644364022,112.35203704296524,113.28321075439453,116120400,0.0,0.0
2020-10-02 00:00:00-04:00,109.50030991529614,111.90584749739754,108.85042943395283,109.62640380859375,144712000,0.0,0.0
2020-10-05 00:00:00-04:00,110.4896945754234,113.14742012517607,110.1405034929378,113.00192260742188,106243800,0.0,0.0
2020-10-06 00:00:00-04:00,112.22593325878677,112.6333277612592,108.87952757625551,109.76220703125,161498200,0.0,0.0
2020-10-07 00:00:00-04:00,111.17838574960963,112.08046156708008,110.70309331868141,111.62457275390625,96849000,0.0,0.0
2020-10-08 00:00:00-04:00,112.7594330889432,112.90493061170089,111.1492733309645,111.51786804199219,83477200,0.0,0.0
2020-10-09 00:00:00-04:00,111.8185743074938,113.48693036528995,111.46938316049868,113.45783233642578,100506900,0.0,0.0
2020-10-12 00:00:00-04:00,116.45502931013961,121.42129686008033,115.69845107798898,120.66471862792969,240226800,0.0,0.0
2020-10-13 00:00:00-04:00,121.50859444916024,121.62499394990238,116.05734733652297,117.46380615234375,262330500,0.0,0.0
2020-10-14 00:00:00-04:00,117.36681195189107,119.33585728240598,116.02825097556021,117.55110931396484,150712000,0.0,0.0
2020-10-15 00:00:00-04:00,115.15527990408137,117.56081055796655,114.60239518602361,117.08552551269531,112559200,0.0,0.0
2020-10-16 00:00:00-04:00,117.63840102761567,117.90029805270329,115.24256497002679,115.44625854492188,115393800,0.0,0.0
2020-10-19 00:00:00-04:00,116.35801840331845,116.80420531849914,112.18713685690224,112.49752807617188,120639300,0.0,0.0
2020-10-20 00:00:00-04:00,112.71095010647143,115.40748342708119,112.15806534871491,113.98162078857422,124423700,0.0,0.0
2020-10-21 00:00:00-04:00,113.1668101796244,115.14555707254407,112.95341481857757,113.36080932617188,89946000,0.0,0.0
2020-10-22 00:00:00-04:00,113.92338126264393,114.49566945896562,111.1492565422486,112.27442932128906,101988000,0.0,0.0
2020-10-23 00:00:00-04:00,112.89523260157101,113.05043193781697,110.84858760677534,111.58576965332031,82572600,0.0,0.0
2020-10-26 00:00:00-04:00,110.58668561250266,113.05041929759861,109.49061077367527,111.595458984375,111850700,0.0,0.0
2020-10-27 00:00:00-04:00,112.02224386138344,113.75849741390176,111.10077194371063,113.09891510009766,92276800,0.0,0.0
2020-10-28 00:00:00-04:00,111.5954574737689,111.9640447506843,107.76405759395712,107.86105346679688,143937800,0.0,0.0
2020-10-29 00:00:00-04:00,108.99592666867332,113.41900353400632,108.83102554669962,111.85734558105469,146129200,0.0,0.0
2020-10-30 00:00:00-04:00,107.72527053869118,108.6273463236584,104.48556211975591,105.5913314819336,190272600,0.0,0.0
2020-11-02 00:00:00-05:00,105.8338155489353,107.35667373960923,104.09756199136386,105.50402069091797,122866900,0.0,0.0
2020-11-03 00:00:00-05:00,106.36729273797286,108.14233853823154,105.46521712787313,107.12387084960938,107624400,0.0,0.0
2020-11-04 00:00:00-05:00,110.71279779031768,112.119256698551,108.97654397513469,111.49847412109375,138235500,0.0,0.0
2020-11-05 00:00:00-05:00,114.40839736997158,116.0282591074031,113.3608313760952,115.45597076416016,126387100,0.0,0.0
2020-11-06 00:00:00-05:00,114.96527887670223,115.8203256136095,112.83736946099638,115.32479095458984,114457900,0.205,0.0
2020-11-09 00:00:00-05:00,117.08347300114552,118.53122507296646,112.7596464655049,113.02198791503906,154515300,0.0,0.0
2020-11-10 00:00:00-05:00,112.27383288243148,114.25598657554706,110.8940882741732,112.68192291259766,138023400,0.0,0.0
2020-11-11 00:00:00-05:00,113.86732789743012,116.23814181960135,113.13859256042241,116.10211181640625,112295000,0.0,0.0
2020-11-12 00:00:00-05:00,116.22840350190613,117.11259831587537,115.20817130347953,115.83002471923828,103162300,0.0,0.0
2020-11-13 00:00:00-05:00,116.05352071993178,116.27699537989376,114.52803521767761,115.87862396240234,81581900,0.0,0.0
2020-11-16 00:00:00-05:00,115.54827474511946,117.55958400464418,114.80010971790968,116.88915252685547,91183000,0.0,0.0
2020-11-17 00:00:00-05:00,116.16042621738232,117.2486663416219,115.58715051215194,116.00495910644531,74271000,0.0,0.0
2020-11-18 00:00:00-05:00,115.24705160870013,116.42274359265693,114.65434634387621,114.6834945678711,76322100,0.0,0.0
2020-11-19 00:00:00-05:00,114.25596702688232,115.68428930116418,113.4980835539356,115.27619934082031,74113000,0.0,0.0
2020-11-20 00:00:00-05:00,115.27620565626937,115.40251710432108,113.96448361868471,114.0130615234375,73604300,0.0,0.0
2020-11-23 00:00:00-05:00,113.85761126601786,114.28513837643995,110.52486130551306,110.62202453613281,127959300,0.0,0.0
2020-11-24 00:00:00-05:00,110.68031687022992,112.56530706965945,109.39773567263003,111.90458679199219,113874200,0.0,0.0
2020-11-25 00:00:00-05:00,112.27384022721371,113.43981393627315,111.90460953598352,112.74022674560547,76499200,0.0,0.0
2020-11-27 00:00:00-05:00,113.26489496698315,114.15880846315034,112.92481998616722,113.2843246459961,46691300,0.0,0.0
2020-11-30 00:00:00-05:00,113.6535782947568,117.54016723580712,113.49811117883634,115.67460632324219,169410200,0.0,0.0
2020-12-01 00:00:00-05:00,117.57901628913943,119.96926723797301,116.60736920035771,119.24053192138672,127728200,0.0,0.0
2020-12-02 00:00:00-05:00,118.56036589233359,119.87209529729249,117.46240743053765,119.59031677246094,89004200,0.0,0.0
2020-12-03 00:00:00-05:00,120.0178419599632,120.27047227200518,118.74498667961886,119.45429229736328,78967600,0.0,0.0
2020-12-04 00:00:00-05:00,119.12393425897255,119.3765645833526,118.07455360054387,118.78385925292969,78260400,0.0,0.0
2020-12-07 00:00:00-05:00,118.84214367939516,121.03806800243322,118.78384723085345,120.24131774902344,86712000,0.0,0.0
2020-12-08 00:00:00-05:00,120.84374345698704,121.43644873670094,119.60002903502645,120.85345458984375,82225500,0.0,0.0
2020-12-09 00:00:00-05:00,120.99920059491815,122.37893756571138,117.56928784632052,118.3271713256836,115089200,0.0,0.0
2020-12-10 00:00:00-05:00,117.08347755039478,120.35793100204793,116.74340254220034,119.74578857421875,81312200,0.0,0.0
2020-12-11 00:00:00-05:00,118.95875310526962,119.27939842297663,117.13205925122674,118.93932342529297,86939800,0.0,0.0
2020-12-14 00:00:00-05:00,119.12392157489586,119.85265683014165,118.09397811966689,118.3271713256836,79184500,0.0,0.0
2020-12-15 00:00:00-05:00,120.81459511068267,124.27366377761385,120.61055011219938,124.25422668457031,157243700,0.0,0.0
2020-12-16 00:00:00-05:00,123.79754252066066,124.73031529802184,122.97163667560737,124.18619537353516,98208600,0.0,0.0
2020-12-17 00:00:00-05:00,125.24527550528235,125.90600308591694,124.40965860475175,125.05094909667969,94359800,0.0,0.0
2020-12-18 00:00:00-05:00,125.30361605465058,125.43964605507787,122.5441344465272,123.0688247680664,192541500,0.0,0.0
2020-12-21 00:00:00-05:00,121.4752982424318,124.67201759263763,119.94981282977581,124.59428405761719,121251600,0.0,0.0
2020-12-22 00:00:00-05:00,127.87847449783371,130.59908932336018,125.97403967211778,128.1408233642578,168904800,0.0,0.0
2020-12-23 00:00:00-05:00,128.41286824547294,128.67520225485305,127.07199067068275,127.24689483642578,88223700,0.0,0.0
2020-12-24 00:00:00-05:00,127.59672197110412,129.67604646021374,127.38295839338778,128.22828674316406,54930100,0.0,0.0
2020-12-28 00:00:00-05:00,130.19099379190865,133.44600251933943,129.72459253226933,132.81443786621094,124486200,0.0,0.0
2020-12-29 00:00:00-05:00,134.1358655444837,134.85487480481046,130.53104880605997,131.0460205078125,121047300,0.0,0.0
2020-12-30 00:00:00-05:00,131.735898609551,132.13427742745725,129.6177004950943,129.9286346435547,96452100,0.0,0.0
2020-12-31 00:00:00-05:00,130.27844532518537,130.91973597132423,127.98535756948488,128.9278564453125,99116600,0.0,0.0
2021-01-04 00:00:00-05:00,129.73433819675842,129.82178288641367,123.1660010540864,125.7408676147461,143301900,0.0,0.0
2021-01-05 00:00:00-05:00,125.23559925815104,128.00479953709709,124.78863505032471,127.29548645019531,97664900,0.0,0.0
2021-01-06 00:00:00-05:00,124.0987683518539,127.33435496235823,122.7967573877346,123.0105209350586,155088000,0.0,0.0
2021-01-07 00:00:00-05:00,124.720639051932,127.89792964576662,124.23481543686934,127.20805358886719,109578200,0.0,0.0
2021-01-08 00:00:00-05:00,128.67518495872093,128.86952618923627,126.53756485844092,128.30596923828125,105158200,0.0,0.0
2021-01-11 00:00:00-05:00,125.5270809622862,126.47929089114106,124.85664214589357,125.32302856445312,100384500,0.0,0.0
2021-01-12 00:00:00-05:00,124.85665049211372,126.01291289609365,123.26314986487158,125.14814758300781,91951100,0.0,0.0
2021-01-13 00:00:00-05:00,125.1092658720847,127.72299874717103,124.84693184960055,127.17887878417969,88636800,0.0,0.0
2021-01-14 00:00:00-05:00,127.09145562889725,127.28578210198899,125.1092870553467,125.25504302978516,90221800,0.0,0.0
2021-01-15 00:00:00-05:00,125.1287025525268,126.52787663913662,123.39917203606663,123.53520202636719,111598500,0.0,0.0
2021-01-19 00:00:00-05:00,124.15706500945309,125.0607045202907,123.34088500532488,124.20565032958984,90757300,0.0,0.0
2021-01-20 00:00:00-05:00,125.01209934367105,128.7335089174472,124.90521758681017,128.2865447998047,104319500,0.0,0.0
2021-01-21 00:00:00-05:00,130.00638521290585,135.7099489572785,129.80233279797613,132.9893341064453,120150900,0.0,0.0
2021-01-22 00:00:00-05:00,132.41604973812463,135.88483658611096,131.19177987621222,135.126953125,114459400,0.0,0.0
2021-01-25 00:00:00-05:00,139.01352325855314,140.97623923925303,132.66865562808596,138.86776733398438,157611700,0.0,0.0
2021-01-26 00:00:00-05:00,139.52852500725305,140.20867499016745,137.36174136904043,139.1009979248047,98390600,0.0,0.0
2021-01-27 00:00:00-05:00,139.3633171255217,140.208660067174,136.42895396495652,138.03216552734375,140843800,0.0,0.0
2021-01-28 00:00:00-05:00,135.56422012291074,137.9641898687069,132.82416793009364,133.20310974121094,142621100,0.0,0.0
2021-01-29 00:00:00-05:00,131.9788209864335,132.86302336292994,126.51816929301403,128.2185516357422,177523800,0.0,0.0
2021-02-01 00:00:00-05:00,129.9577892114423,131.54157860190338,127.21773749244758,130.33673095703125,106239800,0.0,0.0
2021-02-02 00:00:00-05:00,131.8816527763116,132.4452098565485,130.79341280132044,131.1626434326172,83305400,0.0,0.0
2021-02-03 00:00:00-05:00,131.91081569341782,131.92054165395052,129.82178018887643,130.14242553710938,89880900,0.0,0.0
2021-02-04 00:00:00-05:00,132.43555199010405,133.5043553022368,130.77402830714573,133.49464416503906,84183100,0.0,0.0
2021-02-05 00:00:00-05:00,133.65516390896917,133.7232731231055,132.20524094162676,133.08102416992188,75693800,0.205,0.0
2021-02-08 00:00:00-05:00,132.3706427004726,133.2756324021585,131.29050232328603,133.2269744873047,71297200,0.0,0.0
2021-02-09 00:00:00-05:00,132.94478730279516,134.17090160726997,132.19551172596402,132.3511962890625,76774200,0.0,0.0
2021-02-10 00:00:00-05:00,132.80855342312873,133.3048434386966,130.78450562896475,131.7478790283203,73046600,0.0,0.0
2021-02-11 00:00:00-05:00,132.24416393424985,132.72098784651604,130.17147291387968,131.49488830566406,64280000,0.0,0.0
2021-02-12 00:00:00-05:00,130.7358433658653,131.88409294253404,130.09359452723146,131.7283935546875,60145100,0.0,0.0
2021-02-16 00:00:00-05:00,131.84517076789257,132.35117148769072,129.21779194968602,129.60704040527344,80576300,0.0,0.0
2021-02-17 00:00:00-05:00,127.71925617483,128.6631634845205,125.98714097419074,127.32028198242188,97918500,0.0,0.0
2021-02-18 00:00:00-05:00,125.72440543319924,126.50288771185818,123.98256451257895,126.22069549560547,96856700,0.0,0.0
2021-02-19 00:00:00-05:00,126.7364453512212,127.19380316380035,125.33518012530345,126.37638854980469,87668800,0.0,0.0
2021-02-22 00:00:00-05:00,124.56640502266376,126.23041094448011,122.22124015432108,122.61048126220703,103916400,0.0,0.0
2021-02-23 00:00:00-05:00,120.43072170415333,123.30136048380355,115.20517794881079,122.47422790527344,158273000,0.0,0.0
2021-02-24 00:00:00-05:00,121.57898434363891,122.18230093698557,118.94188709836797,121.97795104980469,111039900,0.0,0.0
2021-02-25 00:00:00-05:00,121.32599026278942,123.05810538980377,117.29736077604736,117.7352523803711,148199500,0.0,0.0
2021-02-26 00:00:00-05:00,119.2921941436735,121.49139980199843,117.93958722628282,117.99797821044922,164560400,0.0,0.0
2021-03-01 00:00:00-05:00,120.42098970661608,124.48854343367245,119.48681564706342,124.35231018066406,116307900,0.0,0.0
2021-03-02 00:00:00-05:00,124.95565484356455,125.25731317881322,121.6471165286429,121.75415802001953,102260900,0.0,0.0
2021-03-03 00:00:00-05:00,121.45249652917722,122.32828720569532,118.56239100874602,118.77647399902344,112966300,0.0,0.0
2021-03-04 00:00:00-05:00,118.47481493176636,120.27504677444026,115.4290174341431,116.89839172363281,178155000,0.0,0.0
2021-03-05 00:00:00-05:00,117.72552798386944,118.65970219404976,114.40725661331615,118.1536865234375,153766600,0.0,0.0
2021-03-08 00:00:00-05:00,117.6768435254983,117.74496014762576,113.0838157930319,113.22978210449219,154376600,0.0,0.0
2021-03-09 00:00:00-05:00,115.8279835568737,118.77647261328785,115.59444185391254,117.83256530761719,129525800,0.0,0.0
2021-03-10 00:00:00-05:00,118.41642461584055,118.88350799775948,116.23667741969722,116.75242614746094,111943300,0.0,0.0
2021-03-11 00:00:00-05:00,119.24355264557505,119.89552719538874,117.99798711036199,118.67915344238281,103026500,0.0,0.0
2021-03-12 00:00:00-05:00,117.16112022904915,117.91040318694742,115.95447955662657,117.774169921875,88105100,0.0,0.0
2021-03-15 00:00:00-04:00,118.14397368976827,120.66429697426416,117.18060016691906,120.6545639038086,92403800,0.0,0.0
2021-03-16 00:00:00-04:00,122.31855495993447,123.79766976227535,121.36492199120141,122.19205474853516,115227900,0.0,0.0
2021-03-17 00:00:00-04:00,120.71294726523811,122.4742542742317,119.04894125801434,121.40384674072266,111932600,0.0,0.0
2021-03-18 00:00:00-04:00,119.5744250296585,119.86635775445424,117.0832934949232,117.28764343261719,121229700,0.0,0.0
2021-03-19 00:00:00-04:00,116.67459352140682,118.16343408346621,116.46051051329101,116.76216888427734,185549500,0.0,0.0
2021-03-22 00:00:00-04:00,117.09300574322106,120.53777713211232,117.02488910943605,120.07068634033203,111912300,0.0,0.0
2021-03-23 00:00:00-04:00,120.01230226774646,120.89781850320577,118.85431207414345,119.2435531616211,95467100,0.0,0.0
2021-03-24 00:00:00-04:00,119.51603814694975,119.59388786129526,116.84001546562122,116.8594741821289,88530500,0.0,0.0
2021-03-25 00:00:00-04:00,116.32425121223295,118.3872236915313,115.7987768800299,117.34600067138672,98844700,0.0,0.0
2021-03-26 00:00:00-04:00,117.11246742653448,118.21207408800578,115.72093550893463,117.94933319091797,94071200,0.0,0.0
2021-03-29 00:00:00-04:00,118.3775042989523,119.28248673827066,117.48225492917581,118.12449645996094,80819200,0.0,0.0
2021-03-30 00:00:00-04:00,116.87893335491496,117.16113298447573,115.66255948137214,116.6745834350586,85671900,0.0,0.0
2021-03-31 00:00:00-04:00,118.3774946900482,120.19718506636265,117.89094519064328,118.86404418945312,118323800,0.0,0.0
2021-04-01 00:00:00-04:00,120.33343394406754,120.8394421912494,119.19490239563412,119.6911849975586,75089100,0.0,0.0
2021-04-05 00:00:00-04:00,120.53777850848313,122.7661761594041,119.75929632134557,122.51316833496094,88651200,0.0,0.0
2021-04-06 00:00:00-04:00,123.09702657327624,123.71007628588559,122.26989388745704,122.81482696533203,80171300,0.0,0.0
2021-04-07 00:00:00-04:00,122.44505868103397,124.47883218903853,121.77361794195266,124.4593734741211,83466700,0.0,0.0
2021-04-08 00:00:00-04:00,125.4811068462127,126.88237171232534,125.06268142419076,126.85317993164062,88844600,0.0,0.0
2021-04-09 00:00:00-04:00,126.3082511367721,129.4610823431084,125.987126690143,129.4221649169922,106686700,0.0,0.0
2021-04-12 00:00:00-04:00,128.95510707935833,129.27623158953074,127.1159502289636,127.70954132080078,91420000,0.0,0.0
2021-04-13 00:00:00-04:00,128.87726276289945,131.03754421397457,128.38097265896974,130.813720703125,91266500,0.0,0.0
2021-04-14 00:00:00-04:00,131.3099778007929,131.36836136344672,128.11821435701262,128.47825622558594,87222800,0.0,0.0
2021-04-15 00:00:00-04:00,130.22010527807376,131.36835488244947,130.04493975044198,130.88180541992188,89347100,0.0,0.0
2021-04-16 00:00:00-04:00,130.68721289515452,131.04725481288563,129.69464764958488,130.5509796142578,84922400,0.0,0.0
2021-04-19 00:00:00-04:00,129.91843832937323,131.82571884662076,129.75301328602865,131.21266174316406,94264200,0.0,0.0
2021-04-20 00:00:00-04:00,131.38784340823202,131.88411859918818,128.2641887932471,129.5292205810547,94812300,0.0,0.0
2021-04-21 00:00:00-04:00,128.79940473993418,130.15201197134868,127.76792201144299,129.9087371826172,68847100,0.0,0.0
2021-04-22 00:00:00-04:00,129.46113219751052,130.54127308001176,127.87499033908138,128.39073181152344,84566500,0.0,0.0
2021-04-23 00:00:00-04:00,128.60475261832673,131.4851170121257,128.60475261832673,130.70664978027344,78657500,0.0,0.0
2021-04-26 00:00:00-04:00,131.20292770440926,131.42673629598994,129.96708793224363,131.09588623046875,66905100,0.0,0.0
2021-04-27 00:00:00-04:00,131.37809693084532,131.76734545845767,130.5023137282654,130.7747802734375,66015800,0.0,0.0
2021-04-28 00:00:00-04:00,130.69691506905932,131.38782184344353,129.50000754125335,129.98655700683594,107760100,0.0,0.0
2021-04-29 00:00:00-04:00,132.79886989631544,133.3827354474625,128.88700633959272,129.88929748535156,151101000,0.0,0.0
2021-04-30 00:00:00-04:00,128.23499849351802,129.96711370748065,127.54410644604702,127.92361450195312,109839500,0.0,0.0
2021-05-03 00:00:00-04:00,128.48795318556526,130.46335732032915,128.28361076189535,128.97450256347656,75135100,0.0,0.0
2021-05-04 00:00:00-04:00,127.66086008438737,127.95279275381809,123.29164023246338,124.41070556640625,137564700,0.0,0.0
2021-05-05 00:00:00-04:00,125.72440711319194,126.94078104975206,124.52749931714487,124.65400695800781,84000900,0.0,0.0
2021-05-06 00:00:00-04:00,124.44964624226809,126.25961120491856,123.71008883004946,126.24988555908203,78128300,0.0,0.0
2021-05-07 00:00:00-04:00,127.54630313860244,127.9459401484153,126.21088280565189,126.9224624633789,78973300,0.22,0.0
2021-05-10 00:00:00-04:00,126.14265555263232,126.26936319427197,123.60829449035425,123.64728546142578,88071200,0.0,0.0
2021-05-11 00:00:00-04:00,120.38185488141869,123.0819142652862,119.67028275042819,122.73101043701172,126142800,0.0,0.0
2021-05-12 00:00:00-04:00,120.28437887697672,121.49306907963458,119.1634127705143,119.67028045654297,112172300,0.0,0.0
2021-05-13 00:00:00-04:00,121.43459040557941,122.96495055227784,121.12267010296466,121.81474304199219,105861300,0.0,0.0
2021-05-14 00:00:00-04:00,123.06244016058305,124.66103284772763,122.67253787272075,124.23213958740234,81918000,0.0,0.0
2021-05-17 00:00:00-04:00,123.61803331863223,123.72525662054227,122.0096912267483,123.08191680908203,74244600,0.0,0.0
2021-05-18 00:00:00-04:00,123.3646094337638,123.78375308679564,121.62955208202142,121.69778442382812,63342900,0.0,0.0
2021-05-19 00:00:00-04:00,120.050447495282,121.76600548369002,119.75801895076617,121.54181671142578,92612000,0.0,0.0
2021-05-20 00:00:00-04:00,122.06818662946591,124.49531683623646,121.94146411990351,124.09566497802734,76857100,0.0,0.0
2021-05-21 00:00:00-04:00,124.59278661639331,124.76824225453443,122.04868358173061,122.26313018798828,79295400,0.0,0.0
2021-05-24 00:00:00-04:00,122.82849229292907,124.70976380781524,122.76025995557121,123.8909683227539,63092900,0.0,0.0
2021-05-25 00:00:00-04:00,124.59279202902988,125.08017543327662,123.1306641265909,123.6960220336914,72009500,0.0,0.0
2021-05-26 00:00:00-04:00,123.75450877268065,124.17365241574042,123.228141818366,123.64728546142578,56575900,0.0,0.0
2021-05-27 00:00:00-04:00,123.24763627844212,124.41733561849655,121.92197306010468,122.1169204711914,94625600,0.0,0.0
2021-05-28 00:00:00-04:00,122.39959761550023,122.62379382802953,121.4053539348129,121.46383666992188,71311100,0.0,0.0
2021-06-01 00:00:00-04:00,121.9219706400981,122.18515038351808,120.8107540580726,121.14216613769531,67637100,0.0,0.0
2021-06-02 00:00:00-04:00,121.14216813753484,122.07792909380578,120.91797935921073,121.90247344970703,59278900,0.0,0.0
2021-06-03 00:00:00-04:00,121.53206155124437,121.69776758173275,120.02119320163122,120.42084503173828,76229200,0.0,0.0
2021-06-04 00:00:00-04:00,120.93747667465416,122.97471215998662,120.72303005127523,122.7115249633789,75169300,0.0,0.0
2021-06-07 00:00:00-04:00,122.98444744531308,123.1306617200527,121.67828344764422,122.72126770019531,71057600,0.0,0.0
2021-06-08 00:00:00-04:00,123.40361251247118,125.21665942285128,123.02345979414304,123.54007720947266,74403800,0.0,0.0
2021-06-09 00:00:00-04:00,123.99819373222839,124.52456067367201,123.32561251203367,123.92021179199219,56877900,0.0,0.0
2021-06-10 00:00:00-04:00,123.81299241371467,124.95345787476269,122.7602659341765,122.92597198486328,71186400,0.0,0.0
2021-06-11 00:00:00-04:00,123.33535493510138,124.22238272093318,122.91621132668672,124.13465118408203,53522400,0.0,0.0
2021-06-14 00:00:00-04:00,124.59278699385679,127.24410590291394,123.8617230721818,127.18562316894531,96906500,0.0,0.0
2021-06-15 00:00:00-04:00,126.6592498003718,127.30258955054586,126.1231333418934,126.3668212890625,62746300,0.0,0.0
2021-06-16 00:00:00-04:00,127.07842216944793,127.58529740869534,125.21665702603657,126.86397552490234,91815000,0.0,0.0
2021-06-17 00:00:00-04:00,126.52282306860805,129.20339129093645,126.37660133235921,128.4625701904297,96721700,0.0,0.0
2021-06-18 00:00:00-04:00,127.40985624306948,128.18964604081222,126.95172155645028,127.16616821289062,108953300,0.0,0.0
2021-06-21 00:00:00-04:00,127.01018237446559,129.06690958900398,125.9477063159808,128.95968627929688,79663300,0.0,0.0
2021-06-22 00:00:00-04:00,128.79399242175575,130.69475593415476,128.2968593599112,130.59727478027344,74783600,0.0,0.0
2021-06-23 00:00:00-04:00,130.39259586711862,130.92871251033458,129.86622139067492,130.32435607910156,60214200,0.0,0.0
2021-06-24 00:00:00-04:00,131.0554073186903,131.240612583958,129.57378007008424,130.0416717529297,68711000,0.0,0.0
2021-06-25 00:00:00-04:00,130.09040620403312,130.50954241745376,129.4568084909208,129.74923706054688,70783700,0.0,0.0
2021-06-28 00:00:00-04:00,130.04163948891443,131.83517920756188,129.9831567614525,131.37704467773438,62111300,0.0,0.0
2021-06-29 00:00:00-04:00,131.39657011097157,133.04390333984907,130.95793469390316,132.887939453125,64556100,0.0,0.0
2021-06-30 00:00:00-04:00,132.73196707347742,133.9406648079474,132.43953852296474,133.5020294189453,63261400,0.0,0.0
2021-07-01 00:00:00-04:00,133.15111722207564,133.86268195374564,132.3323143115352,133.80419921875,52485800,0.0,0.0
2021-07-02 00:00:00-04:00,134.41831341650158,136.46529884864614,134.27210654572147,136.4263153076172,78852600,0.0,0.0
2021-07-06 00:00:00-04:00,136.53348691022637,139.53570925876045,136.53348691022637,138.4342498779297,108181800,0.0,0.0
2021-07-07 00:00:00-04:00,139.91586805219615,141.231788943126,139.05809657469072,140.9198760986328,104911600,0.0,0.0
2021-07-08 00:00:00-04:00,138.00536723887996,140.42274763655988,137.11833949517367,139.6234588623047,105575500,0.0,0.0
2021-07-09 00:00:00-04:00,139.1458282969305,141.97260274724476,139.04834716131978,141.4462432861328,99890800,0.0,0.0
2021-07-12 00:00:00-04:00,142.51847096001342,142.62569425576672,140.36426288116348,140.8516387939453,76299700,0.0,0.0
2021-07-13 00:00:00-04:00,140.39352411006757,143.7369310790402,140.00362927408963,141.96287536621094,100827100,0.0,0.0
2021-07-14 00:00:00-04:00,144.36076918149035,145.79365573228569,143.95136027537654,145.38424682617188,127050800,0.0,0.0
2021-07-15 00:00:00-04:00,145.47197634550716,146.21278242197315,143.37625087333885,144.7311553955078,106820300,0.0,0.0
2021-07-16 00:00:00-04:00,144.7116519617399,145.9788173432772,142.19679065127386,142.69390869140625,93251400,0.0,0.0
2021-07-19 00:00:00-04:00,140.1205738932986,140.43250161447835,138.09308832622733,138.8533935546875,121434600,0.0,0.0
2021-07-20 00:00:00-04:00,139.83793618290784,143.38603306380864,139.35056015600642,142.4600067138672,96350000,0.0,0.0
2021-07-21 00:00:00-04:00,141.85565012536404,142.4405072449087,140.97837931958148,141.7289276123047,74993500,0.0,0.0
2021-07-22 00:00:00-04:00,142.2552645840674,144.4581980577568,142.12854210433372,143.0935516357422,77338200,0.0,0.0
2021-07-23 00:00:00-04:00,143.82464898024415,144.9651069434816,143.2105505102186,144.80914306640625,71447400,0.0,0.0
2021-07-26 00:00:00-04:00,144.52644902049065,146.04705940106285,143.97083337261068,145.228271484375,72434100,0.0,0.0
2021-07-27 00:00:00-04:00,145.35498894389306,145.44272791296905,141.87513262554674,143.0643310546875,104818600,0.0,0.0
2021-07-28 00:00:00-04:00,141.1537977724019,143.25926511063363,138.9411071473103,141.3195037841797,118931200,0.0,0.0
2021-07-29 00:00:00-04:00,141.03686397561236,142.84990322262558,140.92964066468824,141.96287536621094,56699500,0.0,0.0
2021-07-30 00:00:00-04:00,140.73467853831747,142.63544169374407,140.47149137109437,142.17730712890625,70440600,0.0,0.0
2021-08-02 00:00:00-04:00,142.6646588267022,143.23975875771586,141.58268384916155,141.8458709716797,62880000,0.0,0.0
2021-08-03 00:00:00-04:00,142.1286117502495,144.30230492815897,141.51451312265684,143.6394805908203,64786600,0.0,0.0
2021-08-04 00:00:00-04:00,143.55175020828588,144.05861060643986,142.58674024606307,143.2398223876953,56368300,0.0,0.0
2021-08-05 00:00:00-04:00,143.26903344221475,144.107320690727,142.47948676454712,143.34701538085938,46397700,0.0,0.0
2021-08-06 00:00:00-04:00,142.8686310677099,143.6105468195537,142.1657572414104,142.6636199951172,54126800,0.22,0.0
2021-08-09 00:00:00-04:00,142.72223685529076,143.21034301067533,142.05841963396023,142.61485290527344,48908700,0.0,0.0
2021-08-10 00:00:00-04:00,142.95653516321173,144.19632898598317,141.84365370926938,142.1365203857422,69023100,0.0,0.0
2021-08-11 00:00:00-04:00,142.57583309295842,143.22989365517753,142.06819844175104,142.39035034179688,48493500,0.0,0.0
2021-08-12 00:00:00-04:00,142.71251102910742,145.50447943892834,142.3708306879483,145.34828186035156,72282600,0.0,0.0
2021-08-13 00:00:00-04:00,145.42635605950554,145.88517705910473,144.7430103885552,145.5532684326172,59375000,0.0,0.0
2021-08-16 00:00:00-04:00,145.00659283395282,147.59356480078714,142.9858407795006,147.5252227783203,103296000,0.0,0.0
2021-08-17 00:00:00-04:00,146.6563820290242,148.07188700426227,145.5435005089824,146.61734008789062,92229700,0.0,0.0
2021-08-18 00:00:00-04:00,146.23663716721276,147.13475089008148,142.67345256358962,142.8784637451172,86326000,0.0,0.0
2021-08-19 00:00:00-04:00,141.5800696426097,144.4794213850425,141.0626783117476,143.21034240722656,86960300,0.0,0.0
2021-08-20 00:00:00-04:00,143.93275769698107,144.96754045087513,143.28845394220284,144.6649169921875,60549600,0.0,0.0
2021-08-23 00:00:00-04:00,144.78206681885666,146.61735100093347,144.37205937525184,146.14877319335938,60131800,0.0,0.0
2021-08-24 00:00:00-04:00,145.89492826143862,147.27139120779157,145.60206158624175,146.06088256835938,48606400,0.0,0.0
2021-08-25 00:00:00-04:00,146.24636116832204,146.74423897086186,144.28417982272728,144.8308563232422,58991300,0.0,0.0
2021-08-26 00:00:00-04:00,144.82112485660906,145.5727977281921,144.00109506679658,144.03038024902344,48597200,0.0,0.0
2021-08-27 00:00:00-04:00,143.97175682684613,145.21155036889095,143.3372249180138,145.06512451171875,55802400,0.0,0.0
2021-08-30 00:00:00-04:00,145.45561079403902,149.8388087234133,145.07488865020937,149.47760009765625,90956700,0.0,0.0
2021-08-31 00:00:00-04:00,149.02856544896787,149.16523456794167,147.69114453920625,148.2183074951172,86453100,0.0,0.0
2021-09-01 00:00:00-04:00,149.1945209265185,151.293371319359,148.71617155840954,148.8821258544922,80313700,0.0,0.0
2021-09-02 00:00:00-04:00,150.20979354918074,151.0395800272227,148.77476016459727,149.99502563476562,71115500,0.0,0.0
2021-09-03 00:00:00-04:00,150.10239938899159,150.9517142276546,149.44833892893834,150.6295623779297,57808700,0.0,0.0
2021-09-07 00:00:00-04:00,151.28363626481305,153.51915609845358,150.71743128739138,152.9627227783203,82278300,0.0,0.0
2021-09-08 00:00:00-04:00,153.24578484904103,153.30435519689405,150.31714828986404,151.42027282714844,74420200,0.0,0.0
2021-09-09 00:00:00-04:00,151.7912489116524,152.39649574316758,150.2878736971047,150.405029296875,57305700,0.0,0.0
2021-09-10 00:00:00-04:00,151.3129047338198,151.78148246152148,145.16276433644302,145.4263458251953,140893200,0.0,0.0
2021-09-13 00:00:00-04:00,147.04689552955006,147.81809686029018,145.21161123932484,145.99258422851562,102404300,0.0,0.0
2021-09-14 00:00:00-04:00,146.7735217186003,147.4763957492906,143.4153491043727,144.5965576171875,109296300,0.0,0.0
2021-09-15 00:00:00-04:00,145.02608811276684,145.88515965134906,142.88818092204215,145.4849090576172,83281300,0.0,0.0
2021-09-16 00:00:00-04:00,144.90896023332135,145.42635157507343,143.71798000246844,145.25062561035156,68034100,0.0,0.0
2021-09-17 00:00:00-04:00,145.27991132028194,145.27991132028194,142.29268938190515,142.58555603027344,129868800,0.0,0.0
2021-09-20 00:00:00-04:00,140.37935348466607,141.39460787991925,137.909537174392,139.53981018066406,123478900,0.0,0.0
2021-09-21 00:00:00-04:00,140.50621829477157,141.1602935933769,139.38358019514303,140.0181121826172,75834000,0.0,0.0
2021-09-22 00:00:00-04:00,141.01387841720836,142.94677480134484,140.28171911608493,142.38058471679688,76404300,0.0,0.0
2021-09-23 00:00:00-04:00,143.16156952123504,143.58134867828787,142.17560017364323,143.33729553222656,64838200,0.0,0.0
2021-09-24 00:00:00-04:00,142.19513310697567,143.96207555718027,142.09750588712538,143.42515563964844,53477900,0.0,0.0
2021-09-27 00:00:00-04:00,142.00959923062172,142.48794860245857,140.39885495340664,141.91197204589844,74150700,0.0,0.0
2021-09-28 00:00:00-04:00,139.84240736288436,141.30672576458994,138.31951860844126,138.53428649902344,108972300,0.0,0.0
2021-09-29 00:00:00-04:00,139.08096654322168,141.0138627120859,138.6514307510702,139.43240356445312,74602000,0.0,0.0
2021-09-30 00:00:00-04:00,140.2426707272125,140.9455448156453,137.9192805517919,138.13404846191406,89056700,0.0,0.0
2021-10-01 00:00:00-04:00,138.52453927839463,139.52028013802934,135.80091312494108,139.25669860839844,94639600,0.0,0.0
2021-10-04 00:00:00-04:00,138.38788760314102,138.82719517325862,134.98091529074117,135.83021545410156,98322000,0.0,0.0
2021-10-05 00:00:00-04:00,136.17186716291496,138.8564511470798,136.0449547897289,137.75332641601562,80861100,0.0,0.0
2021-10-06 00:00:00-04:00,136.15231569207103,138.76855721821823,135.0784763218966,138.62213134765625,83221100,0.0,0.0
2021-10-07 00:00:00-04:00,139.65696027730579,140.7893703718494,139.32505159657362,139.88148498535156,61732700,0.0,0.0
2021-10-08 00:00:00-04:00,140.60387247260306,140.75029837603776,139.16883903566588,139.50074768066406,58773200,0.0,0.0
2021-10-11 00:00:00-04:00,138.88575464341304,141.3653278052875,138.43669034540312,139.41290283203125,64452200,0.0,0.0
2021-10-12 00:00:00-04:00,139.82291608395988,139.8424445053315,137.68500826630617,138.14382934570312,73035900,0.0,0.0
2021-10-13 00:00:00-04:00,137.88024208325538,138.03642474342516,135.88876048394778,137.55809020996094,78762700,0.0,0.0
2021-10-14 00:00:00-04:00,138.72954178771872,140.45744186952987,138.1438084019397,140.3402862548828,69907100,0.0,0.0
2021-10-15 00:00:00-04:00,140.35005282323274,141.45316264244676,140.0962280805495,141.39459228515625,67940300,0.0,0.0
2021-10-18 00:00:00-04:00,140.03765490452832,143.34701408719482,139.7545598847163,143.0639190673828,85589200,0.0,0.0
2021-10-19 00:00:00-04:00,143.51295730034732,145.62157933226285,143.06390800766076,145.22132873535156,76378900,0.0,0.0
2021-10-20 00:00:00-04:00,145.16279603857302,146.1878221446277,144.59659100003023,145.70947265625,58418800,0.0,0.0
2021-10-21 00:00:00-04:00,145.27014914498275,146.0804071368253,144.35250720492448,145.92420959472656,61421000,0.0,0.0
2021-10-22 00:00:00-04:00,146.12927356040422,146.60760822426354,145.10424730155546,145.15306091308594,58883400,0.0,0.0
2021-10-25 00:00:00-04:00,145.14322894722775,145.8168177773373,144.10844635434742,145.10418701171875,50720600,0.0,0.0
2021-10-26 00:00:00-04:00,145.77776213009912,147.25183711393476,145.465367092144,145.76800537109375,60893400,0.0,0.0
2021-10-27 00:00:00-04:00,145.80705169170784,146.168245431377,144.95775186240334,145.30918884277344,56094900,0.0,0.0
2021-10-28 00:00:00-04:00,146.25615073002083,149.5264533730465,146.15852353048365,148.94073486328125,100077900,0.0,0.0
2021-10-29 00:00:00-04:00,143.7179883048137,146.373287179863,142.92725865743117,146.2366180419922,124953200,0.0,0.0
2021-11-01 00:00:00-04:00,145.44588063726485,146.1389830509936,144.28418557941234,145.41659545898438,74588300,0.0,0.0
2021-11-02 00:00:00-04:00,145.12373606469237,147.96451766703325,145.11396440756303,146.45138549804688,69122000,0.0,0.0
2021-11-03 00:00:00-04:00,146.8125588879088,148.35497602206758,146.25612565424197,147.8863983154297,54511500,0.0,0.0
2021-11-04 00:00:00-04:00,147.97426542713765,148.80403696262286,147.0566234619275,147.3690185546875,60394600,0.0,0.0
2021-11-05 00:00:00-04:00,148.49330137784227,148.79636649786093,146.70422366033108,147.89694213867188,65463900,0.22,0.0
2021-11-08 00:00:00-05:00,148.02405391839477,148.18047945260236,146.80200740282297,147.07574462890625,55020900,0.0,0.0
2021-11-09 00:00:00-05:00,146.84107977637362,148.0435691533501,146.70421118808,147.43743896484375,56787900,0.0,0.0
2021-11-10 00:00:00-05:00,146.66511965093986,146.7726603269792,144.54364896685252,144.61207580566406,65187100,0.0,0.0
2021-11-11 00:00:00-05:00,145.62882237351127,146.0882980655143,144.37743321812488,144.5631866455078,41000000,0.0,0.0
2021-11-12 00:00:00-05:00,145.11064651980587,147.03659252052734,144.18189439318962,146.63577270507812,63804000,0.0,0.0
2021-11-15 00:00:00-05:00,147.00725921767452,148.48350051743287,146.08827812399716,146.64553833007812,59222800,0.0,0.0
2021-11-16 00:00:00-05:00,146.58690654221206,148.102247003654,146.00031832566742,147.62319946289062,59256200,0.0,0.0
2021-11-17 00:00:00-05:00,147.6232038564801,151.53375230300938,147.61343285568483,150.05752563476562,88807000,0.0,0.0
2021-11-18 00:00:00-05:00,150.2726099643279,155.12168178008048,149.627365877677,154.33956909179688,137827700,0.0,0.0
2021-11-19 00:00:00-05:00,154.12446895909494,157.41911583313842,153.02952027938457,156.95962524414062,117305600,0.0,0.0
2021-11-22 00:00:00-05:00,158.0643575600625,161.99446283900974,157.39957149925132,157.41912841796875,117467900,0.0,0.0
2021-11-23 00:00:00-05:00,157.51693760750706,158.181738815603,155.5030068928703,157.8004608154297,96041900,0.0,0.0
2021-11-24 00:00:00-05:00,157.15516717862224,158.51408217991857,156.06998937776268,158.3185577392578,69463600,0.0,0.0
2021-11-26 00:00:00-05:00,156.00158738073347,156.8618980401627,152.86336515925657,153.3032989501953,76959800,0.0,0.0
2021-11-29 00:00:00-05:00,155.8060008585356,157.58530732404222,155.23896961955737,156.65655517578125,88748200,0.0,0.0
2021-11-30 00:00:00-05:00,156.41217318635103,161.8185054389282,156.34373142534065,161.60342407226562,174048100,0.0,0.0
2021-12-01 00:00:00-05:00,163.7346542506034,166.49159798116264,160.85062784337472,161.08526611328125,152052500,0.0,0.0
2021-12-02 00:00:00-05:00,155.19009727061072,160.52798674829987,154.27111613625055,160.0978240966797,136739200,0.0,0.0
2021-12-03 00:00:00-05:00,160.35202051883033,161.27100166043388,156.14817855062066,158.22076416015625,118023100,0.0,0.0
2021-12-06 00:00:00-05:00,160.61596032861834,164.12568814988214,160.60618932990224,161.62294006347656,107497000,0.0,0.0
2021-12-07 00:00:00-05:00,165.2988844701773,167.7429772469704,164.57542763792551,167.35191345214844,120405400,0.0,0.0
2021-12-08 00:00:00-05:00,168.2806469361057,172.02499811029608,166.88261839066362,171.1646728515625,116998900,0.0,0.0
2021-12-09 00:00:00-05:00,170.9984746601922,172.79732298545696,170.0306087537727,170.6562957763672,108923700,0.0,0.0
2021-12-10 00:00:00-05:00,171.29177949219212,175.61293309472177,170.78340409261324,175.43695068359375,115402700,0.0,0.0
2021-12-13 00:00:00-05:00,177.06961358561998,178.0570365302883,171.6046261840087,171.8099365234375,153237000,0.0,0.0
2021-12-14 00:00:00-05:00,171.33091243496327,173.76523433574428,168.3589020297747,170.43148803710938,139380400,0.0,0.0
2021-12-15 00:00:00-05:00,171.19402728468987,175.48585340924998,168.4566405154073,175.2903289794922,131063300,0.0,0.0
2021-12-16 00:00:00-05:00,175.27077720416733,177.08918279763162,166.93153397693786,168.4077606201172,150185800,0.0,0.0
2021-12-17 00:00:00-05:00,166.12985777423478,169.59070130648584,165.89523442801953,167.31280517578125,195432700,0.0,0.0
2021-12-20 00:00:00-05:00,164.51676029378936,166.76532847471316,163.71510567618958,165.95388793945312,107499100,0.0,0.0
2021-12-21 00:00:00-05:00,167.72340078083394,169.3267248588515,165.33796412188073,169.12142944335938,91185900,0.0,0.0
2021-12-22 00:00:00-05:00,169.17029609354066,171.92723953166936,168.30019977990446,171.712158203125,92135300,0.0,0.0
2021-12-23 00:00:00-05:00,171.91751377429944,172.8951510094844,171.35048238778492,172.337890625,68356600,0.0,0.0
2021-12-27 00:00:00-05:00,173.1297226627458,176.38525547317582,173.11018066452525,176.29727172851562,74919600,0.0,0.0
2021-12-28 00:00:00-05:00,176.1310871789595,177.27492068975482,174.5375340801528,175.28053283691406,79144300,0.0,0.0
2021-12-29 00:00:00-05:00,175.31964543980357,176.59057652650236,174.1562550200767,175.3685302734375,62348900,0.0,0.0
2021-12-30 00:00:00-05:00,175.4565079119385,176.53191454419968,174.10736412193012,174.21490478515625,59773000,0.0,0.0
2021-12-31 00:00:00-05:00,174.1073747963206,175.22188041192248,173.29593427269404,173.59901428222656,64062300,0.0,0.0
2022-01-03 00:00:00-05:00,173.85321176039008,178.79028222604728,173.73590007898758,177.93972778320312,104487900,0.0,0.0
2022-01-04 00:00:00-05:00,178.54586564233023,178.84893075193062,175.1143499260673,175.68138122558594,99310400,0.0,0.0
2022-01-05 00:00:00-05:00,175.59342173117227,176.1408961877194,170.73456355297643,171.00830078125,94537600,0.0,0.0
2022-01-06 00:00:00-05:00,168.83792269234627,171.3797850968752,167.80162976232634,168.15357971191406,96904000,0.0,0.0
2022-01-07 00:00:00-05:00,169.02367835082143,170.24572473108867,167.2052727402814,168.3197784423828,86709100,0.0,0.0
2022-01-10 00:00:00-05:00,165.2988731483881,168.64239004792708,164.40921985835627,168.33932495117188,106765600,0.0,0.0
2022-01-11 00:00:00-05:00,168.4664003367464,171.26242759251966,166.99994496438987,171.1646728515625,76138300,0.0,0.0
2022-01-12 00:00:00-05:00,172.1814317936139,173.21772467571947,170.91051556767007,171.60462951660156,74805200,0.0,0.0
2022-01-13 00:00:00-05:00,171.8490383580425,172.6702498945838,167.94826118313497,168.33932495117188,84505800,0.0,0.0
2022-01-14 00:00:00-05:00,167.50832321300913,169.89375992557677,167.26391395832079,169.19964599609375,80440800,0.0,0.0
2022-01-18 00:00:00-05:00,167.6745127192973,168.68147761318977,165.62148401611884,166.0027618408203,90956700,0.0,0.0
2022-01-19 00:00:00-05:00,166.19833085017333,167.25418085979933,162.22912604138475,162.51263427734375,94815000,0.0,0.0
2022-01-20 00:00:00-05:00,163.24583471657064,165.8854518373375,160.50844792121475,160.83106994628906,91420500,0.0,0.0
2022-01-21 00:00:00-05:00,160.74307541554964,162.61036568511253,158.67048972769118,158.7780303955078,122848900,0.0,0.0
2022-01-24 00:00:00-05:00,156.44149634340394,158.67050778679211,151.24045969712583,158.00570678710938,162294600,0.0,0.0
2022-01-25 00:00:00-05:00,155.4247355135648,159.1202024043847,153.5085752311325,156.20684814453125,115798400,0.0,0.0
2022-01-26 00:00:00-05:00,159.84367643647036,160.71377291639465,154.29070450112417,156.11888122558594,108275300,0.0,0.0
2022-01-27 00:00:00-05:00,158.8171416631375,160.1760566161972,154.74039680395836,155.6593780517578,121954600,0.0,0.0
2022-01-28 00:00:00-05:00,162.00425626677838,166.54049197821774,159.15932862262193,166.52093505859375,179935700,0.0,0.0
2022-01-31 00:00:00-05:00,166.3547651867335,171.08652609979308,165.71929199639752,170.87144470214844,115541600,0.0,0.0
2022-02-01 00:00:00-05:00,170.11859681152686,170.93003725349797,168.4566170141108,170.70518493652344,86213900,0.0,0.0
2022-02-02 00:00:00-05:00,170.8420635898593,171.94679815950911,169.45382085751916,171.90768432617188,84914300,0.0,0.0
2022-02-03 00:00:00-05:00,170.57811566132818,172.29876649074853,168.27089152715305,169.033447265625,89418100,0.0,0.0
2022-02-04 00:00:00-05:00,168.05457472378333,170.4234840013588,167.07569202403184,168.7495880126953,82465400,0.22,0.0
2022-02-07 00:00:00-05:00,169.20967525085985,170.27665387927516,167.3400055860888,168.03501892089844,77251200,0.0,0.0
2022-02-08 00:00:00-05:00,168.10351922686326,171.64708470161528,167.8098514342005,171.1380615234375,74829200,0.0,0.0
2022-02-09 00:00:00-05:00,172.33232573026677,172.91964646810396,171.2066015104205,172.55746459960938,71285000,0.0,0.0
2022-02-10 00:00:00-05:00,170.46260694632986,171.77430598076174,167.92730472233933,168.48526000976562,90865900,0.0,0.0
2022-02-11 00:00:00-05:00,168.690860750742,169.4250227899619,164.4914455219278,165.0787811279297,98670700,0.0,0.0
2022-02-14 00:00:00-05:00,163.83559821712237,165.9989356288058,163.04270559336564,165.313720703125,86185500,0.0,0.0
2022-02-15 00:00:00-05:00,167.35953966665278,169.29772280484622,166.6547430824804,169.14109802246094,62527400,0.0,0.0
2022-02-16 00:00:00-05:00,168.22097415914394,169.67949961629867,166.4589825612284,168.90618896484375,61177400,0.0,0.0
2022-02-17 00:00:00-05:00,167.41831260412283,168.2797341887302,164.91237519788157,165.313720703125,69589300,0.0,0.0
2022-02-18 00:00:00-05:00,166.23387859788448,166.93866044821442,162.68052937533312,163.76708984375,82772700,0.0,0.0
2022-02-22 00:00:00-05:00,161.49607262837773,163.16996871038384,158.7258326412145,160.8500213623047,91162800,0.0,0.0
2022-02-23 00:00:00-05:00,162.04424861753867,162.64136771002168,156.3765239008277,156.6897735595703,90009200,0.0,0.0
2022-02-24 00:00:00-05:00,149.3579234730035,159.4110529381091,148.7901697172211,159.30337524414062,141147500,0.0,0.0
2022-02-25 00:00:00-05:00,160.38010876655954,161.6330771993794,157.472826482258,161.36878967285156,91974200,0.0,0.0
2022-02-28 00:00:00-05:00,159.6166064975814,161.9267702066246,158.99990563300975,161.6331024169922,95056600,0.0,0.0
2022-03-01 00:00:00-05:00,161.22195543903135,163.08184127413253,158.54961021930214,159.75363159179688,83474400,0.0,0.0
2022-03-02 00:00:00-05:00,160.91852050375005,163.82580321014547,159.50892707803538,163.04269409179688,79724800,0.0,0.0
2022-03-03 00:00:00-05:00,164.91238359654656,165.34309441078548,162.05404766344782,162.7196807861328,76678400,0.0,0.0
2022-03-04 00:00:00-05:00,161.01642127862274,162.0540345545001,158.67689221468046,159.7242889404297,83737200,0.0,0.0
2022-03-07 00:00:00-05:00,159.91029698865853,161.53524604361925,155.68151606537282,155.93603515625,96418800,0.0,0.0
2022-03-08 00:00:00-05:00,155.46620449988544,159.44046707138148,152.50997367152087,154.11534118652344,131148300,0.0,0.0
2022-03-09 00:00:00-05:00,158.06996768709067,159.95921898709753,156.04368834876885,159.50892639160156,91454900,0.0,0.0
2022-03-10 00:00:00-05:00,156.81701649151432,157.00300660733848,152.6861300144377,155.17250061035156,105342000,0.0,0.0
2022-03-11 00:00:00-05:00,155.57381332247203,155.91642822664025,151.23737032666907,151.46250915527344,96970100,0.0,0.0
2022-03-14 00:00:00-04:00,148.2518056179064,150.865421052167,146.93032272367594,147.4393310546875,108732100,0.0,0.0
2022-03-15 00:00:00-04:00,147.71337523300835,152.28477002224423,147.2043670461277,151.8148956298828,92964300,0.0,0.0
2022-03-16 00:00:00-04:00,153.73350876565036,156.62120932527256,151.19820652447248,156.21986389160156,102300200,0.0,0.0
2022-03-17 00:00:00-04:00,155.26058530967927,157.60011436017203,154.30128444798586,157.22813415527344,75615400,0.0,0.0
2022-03-18 00:00:00-04:00,157.1204422875064,161.0066074424884,156.3862803303168,160.5171661376953,123511700,0.0,0.0
2022-03-21 00:00:00-04:00,160.0570681157996,162.83710569668534,159.56762687828217,161.88758850097656,95811400,0.0,0.0
2022-03-22 00:00:00-04:00,162.01484532225444,165.8422796739602,161.42752475473955,165.2549591064453,81532000,0.0,0.0
2022-03-23 00:00:00-04:00,164.442450073354,168.99424699079114,164.1096187251603,166.61557006835938,98062700,0.0,0.0
2022-03-24 00:00:00-04:00,167.4476727675763,170.46263328488442,166.61563143205333,170.3941192626953,90131400,0.0,0.0
2022-03-25 00:00:00-04:00,170.2080920251791,171.5785215356228,169.10195003253148,171.0303497314453,80546200,0.0,0.0
2022-03-28 00:00:00-04:00,168.53422465828777,172.0190445148475,168.36781639958284,171.8917999267578,90371900,0.0,0.0
2022-03-29 00:00:00-04:00,172.95876428530602,175.22976408859992,172.61614940998814,175.1808319091797,100589400,0.0,0.0
2022-03-30 00:00:00-04:00,174.77950323773482,175.81711647524634,172.96856432856262,174.01597595214844,92633200,0.0,0.0
2022-03-31 00:00:00-04:00,174.0844546486926,174.2704447075952,170.71709656651754,170.92266845703125,103049300,0.0,0.0
2022-04-01 00:00:00-04:00,170.35492714540266,171.18698327855927,168.30906622272897,170.62901306152344,78751300,0.0,0.0
2022-04-04 00:00:00-04:00,170.8835430731966,174.72076108227714,170.75628355518236,174.67181396484375,76468400,0.0,0.0
2022-04-05 00:00:00-04:00,173.7516656886956,174.53477477488693,170.73670541562527,171.36318969726562,73401800,0.0,0.0
2022-04-06 00:00:00-04:00,168.72020734548278,169.963392443072,166.5373033062765,168.20140075683594,89058800,0.0,0.0
2022-04-07 00:00:00-04:00,167.54556668896316,169.69910564386342,166.26323274049562,168.50486755371094,77594700,0.0,0.0
2022-04-08 00:00:00-04:00,168.15246782773184,168.15246782773184,165.62694868711696,166.49815368652344,76575500,0.0,0.0
2022-04-11 00:00:00-04:00,165.1472853633742,165.46052001953282,162.0050657338506,162.24978637695312,72246700,0.0,0.0
2022-04-12 00:00:00-04:00,164.47185939466212,166.28278325109693,163.1209966207163,164.1194610595703,79265200,0.0,0.0
2022-04-13 00:00:00-04:00,163.85517369033073,167.42808955183875,163.24827119923606,166.80160522460938,70618900,0.0,0.0
2022-04-14 00:00:00-04:00,167.01696134936807,167.6532440657547,161.55479409572018,161.7995147705078,75329400,0.0,0.0
2022-04-18 00:00:00-04:00,160.45844346214486,163.08185675186522,160.11584349387897,161.58416748046875,69023900,0.0,0.0
2022-04-19 00:00:00-04:00,161.53521398147984,164.2760883021938,160.44865367684753,163.8649444580078,67723800,0.0,0.0
2022-04-20 00:00:00-04:00,165.19623667762264,165.31371275678185,162.59242008519655,163.69854736328125,67929800,0.0,0.0
2022-04-21 00:00:00-04:00,165.34306268686478,167.90773030576432,162.40641490220864,162.9056396484375,87227800,0.0,0.0
2022-04-22 00:00:00-04:00,162.9447923826861,164.32500539707067,158.08952846576778,158.37339782714844,84882400,0.0,0.0
2022-04-25 00:00:00-04:00,157.71754117840766,159.72425325965065,155.11372512050855,159.4403839111328,96046400,0.0,0.0
2022-04-26 00:00:00-04:00,158.8236916294158,158.91178747297153,153.41047239469103,153.48878479003906,95623200,0.0,0.0
2022-04-27 00:00:00-04:00,152.61757531774515,156.4156292897006,152.09876878373368,153.26364135742188,88063200,0.0,0.0
2022-04-28 00:00:00-04:00,155.88709214046477,161.04580888521681,155.57384246237302,160.18438720703125,130216800,0.0,0.0
2022-04-29 00:00:00-04:00,158.4223359956449,162.69026417943107,153.92926902509257,154.32081604003906,131747600,0.0,0.0
2022-05-02 00:00:00-04:00,153.40067973909794,154.88857035171824,150.0333216240582,154.62428283691406,123055300,0.0,0.0
2022-05-03 00:00:00-04:00,154.81029731534235,157.31624964341847,153.01895506893698,156.11221313476562,88966500,0.0,0.0
2022-05-04 00:00:00-04:00,156.29820309411934,162.96439206944154,155.89685759161674,162.5141143798828,108256500,0.0,0.0
2022-05-05 00:00:00-04:00,160.38993331507154,160.61507214954577,151.67786848905013,153.45944213867188,130525300,0.0,0.0
2022-05-06 00:00:00-04:00,152.93984857664353,156.30235682996496,151.1458596477854,154.1848602294922,116124600,0.23,0.0
2022-05-09 00:00:00-04:00,151.88112823098254,152.76342612282588,148.5088364921623,149.06761169433594,131577900,0.0,0.0
2022-05-10 00:00:00-04:00,152.45952464307157,153.6555174482576,149.92048190900607,151.46939086914062,115366700,0.0,0.0
2022-05-11 00:00:00-04:00,150.47928231405317,152.39090538432077,142.94061098912724,143.61703491210938,142689800,0.0,0.0
2022-05-12 00:00:00-04:00,139.96040581157675,143.3228989996902,136.06853101088905,139.75453186035156,182602000,0.0,0.0
2022-05-13 00:00:00-04:00,141.74459868206603,145.18553469561974,140.2937279042498,144.2150115966797,113990900,0.0,0.0
2022-05-16 00:00:00-04:00,142.68571610317943,144.616949555646,141.34266624082053,142.6759033203125,86643800,0.0,0.0
2022-05-17 00:00:00-04:00,145.93055862687706,146.82265416778552,143.79345144967377,146.30308532714844,78336300,0.0,0.0
2022-05-18 00:00:00-04:00,143.960147405131,144.46010573899827,137.1469043666091,138.04881286621094,109742900,0.0,0.0
2022-05-19 00:00:00-04:00,137.1273056487035,138.87227582415818,133.91185397987616,134.6470947265625,136095600,0.0,0.0
2022-05-20 00:00:00-04:00,136.3528824238379,137.93120027347157,130.00040475608628,134.8824005126953,137426100,0.0,0.0
2022-05-23 00:00:00-04:00,135.07840236616943,140.4407585737006,134.941158046499,140.29371643066406,117726300,0.0,0.0
2022-05-24 00:00:00-04:00,138.03899606760518,139.17617200488684,134.62748321427134,137.5978546142578,104132700,0.0,0.0
2022-05-25 00:00:00-04:00,135.70580258630076,138.99968110716551,135.61757730341805,137.7546844482422,92482700,0.0,0.0
2022-05-26 00:00:00-04:00,134.68626677474316,141.49949297179577,134.4411865880973,140.9505157470703,90601500,0.0,0.0
2022-05-27 00:00:00-04:00,142.5288570634857,146.73442720207444,142.40141055796454,146.69522094726562,90978500,0.0,0.0
2022-05-31 00:00:00-04:00,146.1364342695409,147.69514080945274,143.9503080341332,145.91094970703125,103718400,0.0,0.0
2022-06-01 00:00:00-04:00,146.95007745203338,148.753879037452,144.77376414576858,145.78350830078125,74286600,0.0,0.0
2022-06-02 00:00:00-04:00,144.9208398093746,148.2931460840145,143.96992734384497,148.2343292236328,72348100,0.0,0.0
2022-06-03 00:00:00-04:00,144.0091506541789,145.05810131692076,141.61717995046743,142.51907348632812,88570300,0.0,0.0
2022-06-06 00:00:00-04:00,144.13655344098794,145.64625571792195,142.04846553260185,143.26406860351562,71598400,0.0,0.0
2022-06-07 00:00:00-04:00,141.5093091448792,146.06779474236185,141.26422895235845,145.78350830078125,67808200,0.0,0.0
2022-06-08 00:00:00-04:00,145.6560729457736,146.9206802540853,144.55811838609154,145.04827880859375,53950200,0.0,0.0
2022-06-09 00:00:00-04:00,144.18557316361037,145.03844740252498,139.72511089989996,139.83294677734375,69473000,0.0,0.0
2022-06-10 00:00:00-04:00,137.51941663931075,137.9899664897166,134.36278209908923,134.43141174316406,91437900,0.0,0.0
2022-06-13 00:00:00-04:00,130.25520640425938,132.53935542645704,128.853354985689,129.28469848632812,122207100,0.0,0.0
2022-06-14 00:00:00-04:00,130.51009821175379,131.25513655089347,128.89256009857948,130.14736938476562,84784300,0.0,0.0
2022-06-15 00:00:00-04:00,131.64731188113106,134.63729418113485,129.55923814253225,132.76487731933594,91533000,0.0,0.0
2022-06-16 00:00:00-04:00,129.4807864670593,129.7846835531672,126.50060254968962,127.50053405761719,108123900,0.0,0.0
2022-06-17 00:00:00-04:00,127.51032472551074,130.46108474224513,127.25543176187765,128.9709930419922,134520300,0.0,0.0
2022-06-21 00:00:00-04:00,130.79441426737327,134.36278178825876,130.69639115129178,133.19619750976562,81000500,0.0,0.0
2022-06-22 00:00:00-04:00,132.13745484401576,135.04900927487205,131.2747825760473,132.6864471435547,73409200,0.0,0.0
2022-06-23 00:00:00-04:00,134.1275334387869,135.86269092971577,132.96094899420544,135.5489959716797,72433800,0.0,0.0
2022-06-24 00:00:00-04:00,137.1468641014651,139.1173183416044,137.01943257838917,138.8722381591797,89116800,0.0,0.0
2022-06-27 00:00:00-04:00,139.8917651363233,140.66622688954945,138.19581446232633,138.8722381591797,70207900,0.0,0.0
2022-06-28 00:00:00-04:00,139.3330131628478,140.59762053174873,134.61767206581916,134.7353057861328,67083400,0.0,0.0
2022-06-29 00:00:00-04:00,134.75493953918553,137.90176176618252,133.9804775247322,136.49009704589844,66242400,0.0,0.0
2022-06-30 00:00:00-04:00,134.54900292765177,135.6469572176439,131.13749141338678,134.02943420410156,98964500,0.0,0.0
2022-07-01 00:00:00-04:00,133.36284196732555,136.3038045198631,132.9903302157903,136.1959686279297,71051600,0.0,0.0
2022-07-05 00:00:00-04:00,135.05882114715405,138.82324999611623,134.23534018265374,138.77423095703125,73353800,0.0,0.0
2022-07-06 00:00:00-04:00,138.56834136394644,141.28381901974345,138.30365057809186,140.10743713378906,74064300,0.0,0.0
2022-07-07 00:00:00-04:00,140.4701612232241,143.66601661315485,140.46036340026106,143.46995544433594,66253700,0.0,0.0
2022-07-08 00:00:00-04:00,142.40140757015126,144.64635079248632,142.1465295229667,144.14637756347656,64547800,0.0,0.0
2022-07-11 00:00:00-04:00,142.80334848304327,143.7542609845207,140.95054251842944,142.0190887451172,63141600,0.0,0.0
2022-07-12 00:00:00-04:00,142.89158593841137,145.52865186539117,142.19556639366533,142.9896240234375,77588800,0.0,0.0
2022-07-13 00:00:00-04:00,140.17610485424197,143.56800712971256,139.3232154144063,142.6269073486328,71185600,0.0,0.0
2022-07-14 00:00:00-04:00,141.2446104323155,146.01876752832248,140.43094244372892,145.5482177734375,78140700,0.0,0.0
2022-07-15 00:00:00-04:00,146.83245817528143,147.8912065060331,145.2835494113212,147.21478271484375,76259900,0.0,0.0
2022-07-18 00:00:00-04:00,147.7735410020435,148.58720894116726,143.81303717687484,144.17576599121094,81420900,0.0,0.0
2022-07-19 00:00:00-04:00,145.0090674390563,148.25392726287154,144.01894870347078,148.02845764160156,82982400,0.0,0.0
2022-07-20 00:00:00-04:00,148.14609070693865,150.6949310490213,147.41085002655058,150.02830505371094,64823400,0.0,0.0
2022-07-21 00:00:00-04:00,151.45958316742,152.50853373902038,148.94996398855773,152.29286193847656,65086600,0.0,0.0
2022-07-22 00:00:00-04:00,152.33208328648058,153.2045683993023,150.39105184778396,151.0576629638672,66675400,0.0,0.0
2022-07-25 00:00:00-04:00,150.97923186102722,151.98896129458768,149.28328071900498,149.94009399414062,53623900,0.0,0.0
2022-07-26 00:00:00-04:00,149.26366918886245,150.07733740905365,147.8324089141252,148.61666870117188,55138700,0.0,0.0
2022-07-27 00:00:00-04:00,149.5773707705413,154.2338952339947,149.1656377708993,153.7045135498047,78620700,0.0,0.0
2022-07-28 00:00:00-04:00,153.89073492463993,154.5377501582959,151.3713185756555,154.2534637451172,81378700,0.0,0.0
2022-07-29 00:00:00-04:00,158.06695385906744,160.40992030893383,156.36119003723385,159.31195068359375,101786900,0.0,0.0
2022-08-01 00:00:00-04:00,157.84144361325252,160.37067302404677,157.72380990621818,158.33160400390625,67829400,0.0,0.0
2022-08-02 00:00:00-04:00,156.94935473605096,159.21389322725332,156.4886027966237,156.86111450195312,59907000,0.0,0.0
2022-08-03 00:00:00-04:00,157.67478223031586,163.31162641377182,157.5865569548774,162.86068725585938,82507500,0.0,0.0
2022-08-04 00:00:00-04:00,162.74307352499065,163.89986001020398,161.19416464799912,162.54701232910156,55474100,0.0,0.0
2022-08-05 00:00:00-04:00,160.22042780912037,162.81206933981917,160.01426786699392,162.32122802734375,56697000,0.23,0.0
2022-08-08 00:00:00-04:00,163.32251461167718,164.7361398246356,161.19226535966965,161.84999084472656,60276900,0.0,0.0
2022-08-09 00:00:00-04:00,161.0155852740051,162.78261696114208,160.25968547297944,161.8990936279297,63135500,0.0,0.0
2022-08-10 00:00:00-04:00,164.60853143111325,166.23812814464867,163.8428202002786,166.1399688720703,70170500,0.0,0.0
2022-08-11 00:00:00-04:00,166.9449356294848,167.85790820975464,165.10919401506573,165.40370178222656,57149200,0.0,0.0
2022-08-12 00:00:00-04:00,166.70933581222894,169.01628078921996,166.29701596444957,168.94757080078125,68039400,0.0,0.0
2022-08-15 00:00:00-04:00,168.3782005294128,170.21394216296972,168.21131628811554,170.01760864257812,54091700,0.0,0.0
2022-08-16 00:00:00-04:00,169.61514449782814,170.52811724537264,168.51566461022102,169.86056518554688,56377100,0.0,0.0
2022-08-17 00:00:00-04:00,169.6053281206725,172.9234055360259,169.40899457207655,171.35272216796875,79542000,0.0,0.0
2022-08-18 00:00:00-04:00,170.56735491708034,171.6962839363271,169.94889007422466,170.96002197265625,62290100,0.0,0.0
2022-08-19 00:00:00-04:00,169.86049350507304,170.5574945549501,168.17199868776328,168.37815856933594,70346300,0.0,0.0
2022-08-22 00:00:00-04:00,166.58172694573366,166.74861119438174,164.07843325743647,164.5005645751953,69026800,0.0,0.0
2022-08-23 00:00:00-04:00,164.0195321647684,165.6196796113523,163.5974008535258,164.16677856445312,54147100,0.0,0.0
2022-08-24 00:00:00-04:00,164.25514348994625,165.03066617037743,163.2047358944321,164.46128845214844,53841500,0.0,0.0
2022-08-25 00:00:00-04:00,165.68840868200775,167.0234977835924,165.26629230145085,166.91551208496094,51218200,0.0,0.0
2022-08-26 00:00:00-04:00,167.44564772442519,167.9168512892463,160.56404149028532,160.62294006347656,78961000,0.0,0.0
2022-08-29 00:00:00-04:00,158.19813716461735,159.91608162954805,156.89251255304256,158.42393493652344,73314000,0.0,0.0
2022-08-30 00:00:00-04:00,159.1602105704912,159.58232691391927,154.83098655063566,155.9991912841797,77906200,0.0,0.0
2022-08-31 00:00:00-04:00,157.37356030730842,157.63861884578063,154.26162776653078,154.3401641845703,87991100,0.0,0.0
2022-09-01 00:00:00-04:00,153.77077627080038,155.51817026416148,151.836860169279,155.0666046142578,74229900,0.0,0.0
2022-09-02 00:00:00-04:00,156.8237793213389,157.42260624530542,152.1313381712874,152.95594787597656,76957800,0.0,0.0
2022-09-06 00:00:00-04:00,153.6039147326612,154.2125532983426,150.87483764363054,151.69944763183594,73714800,0.0,0.0
2022-09-07 00:00:00-04:00,151.9841081371773,153.80021196934476,150.79626559392008,153.1032257080078,87449600,0.0,0.0
2022-09-08 00:00:00-04:00,151.8074024718103,153.49589780674214,149.88329791132227,151.63070678710938,84923800,0.0,0.0
2022-09-09 00:00:00-04:00,152.62220516793604,154.92916542303703,151.91539245059826,154.48739624023438,68028800,0.0,0.0
2022-09-12 00:00:00-04:00,156.66672837890903,161.25118449428555,156.38204700518378,160.43638610839844,104956000,0.0,0.0
2022-09-13 00:00:00-04:00,156.97104316313002,157.59931943362142,150.56065692569356,151.0220489501953,122656600,0.0,0.0
2022-09-14 00:00:00-04:00,151.95463927472932,154.22233860679495,150.79626102566698,152.46511840820312,87965400,0.0,0.0
2022-09-15 00:00:00-04:00,151.81718374523024,152.39638777057854,148.60709294324934,149.57894897460938,90481100,0.0,0.0
2022-09-16 00:00:00-04:00,148.44022763272653,148.57766259301448,145.65223775657734,147.93955993652344,162278800,0.0,0.0
2022-09-19 00:00:00-04:00,146.57500265714634,151.72883546494634,146.36885773323408,151.65029907226562,81474200,0.0,0.0
2022-09-20 00:00:00-04:00,150.59012663818945,155.18440966019696,150.27599594996536,154.02601623535156,107689800,0.0,0.0
2022-09-21 00:00:00-04:00,154.45795295017905,155.8323177224437,150.78646922639234,150.90426635742188,101696800,0.0,0.0
2022-09-22 00:00:00-04:00,149.588778163199,151.64049091114813,148.1457037475465,149.9421844482422,86652500,0.0,0.0
2022-09-23 00:00:00-04:00,148.42057250414538,148.69544239271363,145.83874285871622,147.6744842529297,96029900,0.0,0.0
2022-09-26 00:00:00-04:00,146.91863241520423,150.95334879982894,146.89899456754617,148.00830078125,93339400,0.0,0.0
2022-09-27 00:00:00-04:00,149.9421927062511,151.88591989139582,147.20329010150107,148.98013305664062,84442700,0.0,0.0
2022-09-28 00:00:00-04:00,144.93563790031018,147.88068609523327,142.18692325585735,147.0953369140625,146691400,0.0,0.0
2022-09-29 00:00:00-04:00,143.42383363893248,144.03247205665744,138.1031007730531,139.87013244628906,128138200,0.0,0.0
2022-09-30 00:00:00-04:00,138.69211755301987,140.4787870882612,135.47219979960417,135.6685333251953,124925300,0.0,0.0
2022-10-03 00:00:00-04:00,135.67837316238783,140.44935170481597,135.16789396191245,139.8406982421875,114311700,0.0,0.0
2022-10-04 00:00:00-04:00,142.3734205948832,143.54162523892447,141.61752082886468,143.423828125,87830100,0.0,0.0
2022-10-05 00:00:00-04:00,141.43101553965928,144.6803824609242,140.39041942925496,143.71832275390625,79471000,0.0,0.0
2022-10-06 00:00:00-04:00,143.13912691743977,144.8374334955695,142.5599378213271,142.76608276367188,68402200,0.0,0.0
2022-10-07 00:00:00-04:00,139.9290143479333,140.47876912027488,136.89561907456743,137.52389526367188,85925600,0.0,0.0
2022-10-10 00:00:00-04:00,137.84786987304688,139.29094450363405,136.03176603772727,137.84786987304688,74899000,0.0,0.0
2022-10-11 00:00:00-04:00,137.33739611427865,138.76084793369003,135.68817645989057,136.4342498779297,77033700,0.0,0.0
2022-10-12 00:00:00-04:00,136.58150689181417,137.78897231294513,135.62927355780315,135.80596923828125,70433700,0.0,0.0
2022-10-13 00:00:00-04:00,132.5173428390662,140.9598044199806,131.90868942611982,140.3708038330078,113224000,0.0,0.0
2022-10-14 00:00:00-04:00,141.66661609125816,141.87277603175662,135.65872326737428,135.84524536132812,88598000,0.0,0.0
2022-10-17 00:00:00-04:00,138.48598615048115,140.282452315822,137.7006369919499,139.8014373779297,85250900,0.0,0.0
2022-10-18 00:00:00-04:00,142.82500010106065,144.0128276023933,138.03438444661543,141.1168670654297,99136600,0.0,0.0
2022-10-19 00:00:00-04:00,139.09460416043055,142.2948839097448,138.9080820775627,141.224853515625,61758300,0.0,0.0
2022-10-20 00:00:00-04:00,140.40024050696854,143.21766459219867,140.0370077826972,140.76345825195312,64522000,0.0,0.0
2022-10-21 00:00:00-04:00,140.25299045906925,145.1417806685085,140.03701908535325,144.57240295410156,86548600,0.0,0.0
2022-10-24 00:00:00-04:00,144.4938810962025,147.47818995640918,143.32567626964715,146.7124786376953,75981900,0.0,0.0
2022-10-25 00:00:00-04:00,147.3407290522299,149.69677613929844,146.62410499116672,149.5495147705078,74732300,0.0,0.0
2022-10-26 00:00:00-04:00,148.19482861119383,149.2059606049606,145.32830191392304,146.61431884765625,88194300,0.0,0.0
2022-10-27 00:00:00-04:00,145.35776595535313,146.3198108162611,141.48993368404496,142.1476593017578,109180200,0.0,0.0
2022-10-28 00:00:00-04:00,145.4853431294892,154.61499335183578,145.11231396636444,152.88723754882812,164762400,0.0,0.0
2022-10-31 00:00:00-04:00,150.35452378899333,151.41474288743174,149.13723186575905,150.53121948242188,97943200,0.0,0.0
2022-11-01 00:00:00-04:00,152.23934967138234,152.60256746450293,146.39834080336652,147.89048767089844,80379300,0.0,0.0
2022-11-02 00:00:00-04:00,146.22160672381153,149.38262560122348,142.34396380900958,142.3734130859375,93604600,0.0,0.0
2022-11-03 00:00:00-04:00,139.4578493069626,140.18429993575015,136.20848179558848,136.3361053466797,97918500,0.0,0.0
2022-11-04 00:00:00-04:00,139.71866273149064,140.28898493787645,132.1373429796548,136.07058715820312,140814800,0.23,0.0
2022-11-07 00:00:00-05:00,134.8218171682539,136.82776568129546,133.4058464512174,136.6016082763672,83374600,0.0,0.0
2022-11-08 00:00:00-05:00,138.06670690734794,139.06967336647747,135.19544046730184,137.17189025878906,89908500,0.0,0.0
2022-11-09 00:00:00-05:00,136.18859544917657,136.23776400792798,132.34384521853534,132.61917114257812,74917800,0.0,0.0
2022-11-10 00:00:00-05:00,138.88286812786214,144.4188995361328,137.171901375878,144.4188995361328,118854000,0.0,0.0
2022-11-11 00:00:00-05:00,143.3863937850943,147.50645359818597,141.9605810648391,147.20162963867188,93979700,0.0,0.0
2022-11-14 00:00:00-05:00,146.4838305708861,147.77196548965426,144.9695233350431,145.8053436279297,73374100,0.0,0.0
2022-11-15 00:00:00-05:00,149.67962155098414,151.02675299903876,146.0806992107757,147.53599548339844,89868300,0.0,0.0
2022-11-16 00:00:00-05:00,146.6411761367448,147.36881668355312,144.83187247009243,146.3068389892578,64218300,0.0,0.0
2022-11-17 00:00:00-05:00,143.98626748699053,148.95199258833983,143.71094152135223,148.20468139648438,80389400,0.0,0.0
2022-11-18 00:00:00-05:00,149.7681336507777,150.1516244369956,147.46718893347042,148.76515197753906,74829600,0.0,0.0
2022-11-21 00:00:00-05:00,147.65398361312236,147.86047052115927,145.25470236836378,145.53985595703125,58724100,0.0,0.0
2022-11-22 00:00:00-05:00,145.65786938764137,147.9096450709946,144.47788413446048,147.67364501953125,51804100,0.0,0.0
2022-11-23 00:00:00-05:00,146.95582360996656,149.29610855403772,146.8476588015229,148.54879760742188,58301400,0.0,0.0
2022-11-25 00:00:00-05:00,145.8348580598712,146.3953525551104,144.66471552066162,145.63819885253906,35195900,0.0,0.0
2022-11-28 00:00:00-05:00,142.71777000634125,144.19273663104678,140.98714790150922,141.81312561035156,69246000,0.0,0.0
2022-11-29 00:00:00-05:00,141.8819361067611,142.39326202258005,138.00770341068628,138.8140106201172,83763800,0.0,0.0
2022-11-30 00:00:00-05:00,139.04018245155586,146.23802684928043,138.2043770255708,145.55953979492188,111380900,0.0,0.0
2022-12-01 00:00:00-05:00,145.73651677852905,146.6411610165093,144.16321331865586,145.8348388671875,71250400,0.0,0.0
2022-12-02 00:00:00-05:00,143.52406921601985,145.5300169012177,143.21923022579475,145.3431854248047,65447400,0.0,0.0
2022-12-05 00:00:00-05:00,145.30389650239576,148.40132070138284,143.33727415278167,144.18292236328125,68826400,0.0,0.0
2022-12-06 00:00:00-05:00,144.61557170242608,144.8417290558683,139.55151049910586,140.52499389648438,64727200,0.0,0.0
2022-12-07 00:00:00-05:00,139.81699890501977,140.97729872796708,137.6635453309665,138.58786010742188,69721100,0.0,0.0
2022-12-08 00:00:00-05:00,139.9841640195035,141.12480845757423,138.7451974772698,140.26931762695312,62128300,0.0,0.0
2022-12-09 00:00:00-05:00,139.96452545134943,143.14063172179561,138.54855479274573,139.78753662109375,76097000,0.0,0.0
2022-12-12 00:00:00-05:00,140.31849324023466,142.08845624970894,138.70586361029962,142.07862854003906,70462700,0.0,0.0
2022-12-13 00:00:00-05:00,147.00499369488003,147.46715106267968,141.83278326469596,143.04225158691406,93886200,0.0,0.0
2022-12-14 00:00:00-05:00,142.9242617747897,144.21239680146076,138.80418622868987,140.81997680664062,82291200,0.0,0.0
2022-12-15 00:00:00-05:00,138.75505030022137,139.43353745953314,133.7598273780729,134.22198486328125,98931900,0.0,0.0
2022-12-16 00:00:00-05:00,134.4088086870883,135.35277902524194,131.4982009688156,132.2651824951172,160156900,0.0,0.0
2022-12-19 00:00:00-05:00,132.8551509782634,132.94364536804903,129.12840885731634,130.16087341308594,79592600,0.0,0.0
2022-12-20 00:00:00-05:00,129.19723960857664,131.0261987808424,127.72227301817315,130.09205627441406,77432800,0.0,0.0
2022-12-21 00:00:00-05:00,130.7606740979378,134.52675649615924,130.5345168010593,133.189453125,85928000,0.0,0.0
2022-12-22 00:00:00-05:00,132.10783812958184,132.31432503613755,128.1254256005218,130.02320861816406,77852100,0.0,0.0
2022-12-23 00:00:00-05:00,128.73513913963453,130.2101063823033,127.4765016262219,129.65945434570312,63814900,0.0,0.0
2022-12-27 00:00:00-05:00,129.18740012847,129.21689825725943,126.57178934548489,127.85992431640625,69007800,0.0,0.0
2022-12-28 00:00:00-05:00,127.50594763388183,128.84325132058044,123.76936998157427,123.93653106689453,85438400,0.0,0.0
2022-12-29 00:00:00-05:00,125.85396352811901,128.3024056373649,125.59830808842075,127.44692993164062,75703700,0.0,0.0
2022-12-30 00:00:00-05:00,126.26698977683235,127.78128236285382,125.30334153820444,127.76161193847656,77034200,0.0,0.0
2023-01-03 00:00:00-05:00,128.10576142344397,128.71540946850325,122.09773035328112,122.98271179199219,112117500,0.0,0.0
2023-01-04 00:00:00-05:00,124.77234386397704,126.51280869797894,122.99255318811515,124.25119018554688,89113600,0.0,0.0
2023-01-05 00:00:00-05:00,125.00834271164995,125.63766124201173,122.67790010774006,122.93355560302734,80962700,0.0,0.0
2023-01-06 00:00:00-05:00,123.907033324828,128.115596113896,122.80572219640975,127.45677947998047,87754700,0.0,0.0
2023-01-09 00:00:00-05:00,128.29262549469274,131.18356309444624,127.72230314471543,127.97795867919922,70790800,0.0,0.0
2023-01-10 00:00:00-05:00,128.08609090104719,129.06940194282927,125.98180587179891,128.54824829101562,63896200,0.0,0.0
2023-01-11 00:00:00-05:00,129.0595547117696,131.28183192855658,128.28274570808514,131.26217651367188,69458900,0.0,0.0
2023-01-12 00:00:00-05:00,131.64567480294028,132.0193227611732,129.24639368399414,131.1835174560547,71379600,0.0,0.0
2023-01-13 00:00:00-05:00,129.82658137088367,132.66835024455597,129.46276101465787,132.51101684570312,57809700,0.0,0.0
2023-01-17 00:00:00-05:00,132.5798193932039,134.99875596810472,131.8915047175872,133.67129516601562,63646600,0.0,0.0
2023-01-18 00:00:00-05:00,134.5366534532576,136.296774002363,132.77651790001315,132.95352172851562,69672800,0.0,0.0
2023-01-19 00:00:00-05:00,131.84235433638028,133.9761376268957,131.53753029546903,133.0124969482422,58280400,0.0,0.0
2023-01-20 00:00:00-05:00,133.02231973826562,135.71659745917918,131.98001240951498,135.569091796875,80223600,0.0,0.0
2023-01-23 00:00:00-05:00,135.81491475833332,140.92814412125819,135.59858513124948,138.75502014160156,81760300,0.0,0.0
2023-01-24 00:00:00-05:00,137.96838472187488,140.77082749424633,137.95855701188813,140.15133666992188,66435100,0.0,0.0
2023-01-25 00:00:00-05:00,138.53871015801215,140.05300275817604,136.49342112366645,139.49252319335938,65799300,0.0,0.0
2023-01-26 00:00:00-05:00,140.78064047196506,141.8426182007582,139.53183124401355,141.55746459960938,54105100,0.0,0.0
2023-01-27 00:00:00-05:00,140.77079221891566,144.77285978471076,140.69212554632242,143.4945526123047,70555800,0.0,0.0
2023-01-30 00:00:00-05:00,142.54076039880331,143.12091025214485,140.46597371619012,140.61346435546875,64015300,0.0,0.0
2023-01-31 00:00:00-05:00,140.31848180314623,141.93111130163894,139.9054929686203,141.88194274902344,65874500,0.0,0.0
2023-02-01 00:00:00-05:00,141.56730384751015,144.16324461699494,138.961535368266,143.0029296875,77663600,0.0,0.0
2023-02-02 00:00:00-05:00,146.41502317640206,148.65697138188685,145.6972102432423,148.30299377441406,118339000,0.0,0.0
2023-02-03 00:00:00-05:00,145.5595602225663,154.75352622762708,145.3629009773319,151.9215850830078,154357300,0.0,0.0
2023-02-06 00:00:00-05:00,150.02379246889225,150.5449461888697,148.2636570715711,149.1977996826172,69858300,0.0,0.0
2023-02-07 00:00:00-05:00,148.12600388600742,152.63939885505883,148.12600388600742,152.06907653808594,83322600,0.0,0.0
2023-02-08 00:00:00-05:00,151.31190929849808,152.0002240332312,148.64712974900903,149.38461303710938,64120100,0.0,0.0
2023-02-09 00:00:00-05:00,151.21356571138807,151.75438976697808,147.9096401221254,148.3521270751953,56007100,0.0,0.0
2023-02-10 00:00:00-05:00,147.1900447411898,149.04148154329528,146.9536843926681,148.71649169921875,57450700,0.23,0.0
2023-02-13 00:00:00-05:00,148.65743217523777,151.91715888947925,148.62788900472555,151.51339721679688,62199000,0.0,0.0
2023-02-14 00:00:00-05:00,149.80967642706798,151.4346261088162,148.568818055862,150.87327575683594,61707600,0.0,0.0
2023-02-15 00:00:00-05:00,150.78463194852628,153.13833305811258,150.5581292969133,152.97091674804688,65573800,0.0,0.0
2023-02-16 00:00:00-05:00,151.17854429955682,153.95572244720177,151.02098573800205,151.37551879882812,68167900,0.0,0.0
2023-02-17 00:00:00-05:00,150.03619479649413,150.6763169294936,148.55897600306773,150.233154296875,59144100,0.0,0.0
2023-02-21 00:00:00-05:00,147.9188390818426,149.00213887625634,146.15603126407484,146.22496032714844,58867200,0.0,0.0
2023-02-22 00:00:00-05:00,146.60902132895072,147.67262055430007,144.9250004924314,146.64842224121094,51011300,0.0,0.0
2023-02-23 00:00:00-05:00,147.81048914517564,148.05669224456878,145.00378282832062,147.13096618652344,48394200,0.0,0.0
2023-02-24 00:00:00-05:00,144.87577631301392,144.9545631210652,143.5068874555982,144.4818572998047,55469600,0.0,0.0
2023-02-27 00:00:00-05:00,145.46664446890208,146.90446214048941,145.21058363066865,145.67344665527344,44998500,0.0,0.0
2023-02-28 00:00:00-05:00,144.81668575965537,146.81585399639758,144.60002580056587,145.1712188720703,50547000,0.0,0.0
2023-03-01 00:00:00-05:00,144.60000744430354,144.9939263960711,142.80764165155819,143.10308837890625,55479000,0.0,0.0
2023-03-02 00:00:00-05:00,142.1872382713636,144.48185327566276,141.7145174362223,143.69400024414062,52238100,0.0,0.0
2023-03-03 00:00:00-05:00,145.79162671403117,148.81500811176437,145.09241829817535,148.73622131347656,70732300,0.0,0.0
2023-03-06 00:00:00-05:00,151.4542972077173,153.92618602775224,151.1293223291666,151.4936981201172,87558000,0.0,0.0
2023-03-07 00:00:00-05:00,151.36567408118486,151.69066400049135,148.83471383986452,149.29757690429688,56182000,0.0,0.0
2023-03-08 00:00:00-05:00,150.48917721139935,151.1391569879468,149.5240652876753,150.5482635498047,47204800,0.0,0.0
2023-03-09 00:00:00-05:00,151.22778082054958,152.19289270805663,147.9483539187185,148.30288696289062,53833600,0.0,0.0
2023-03-10 00:00:00-05:00,147.92868001277867,148.64758887079853,145.36816171354923,146.24464416503906,68572400,0.0,0.0
2023-03-13 00:00:00-04:00,145.56510332314932,150.81415467329558,145.4567733693173,148.18470764160156,84457100,0.0,0.0
2023-03-14 00:00:00-04:00,148.98243524821328,151.07023295988367,147.82036369988242,150.2725372314453,73695900,0.0,0.0
2023-03-15 00:00:00-04:00,148.8937927615987,150.92250395033966,147.64307677577528,150.6664581298828,77167900,0.0,0.0
2023-03-16 00:00:00-04:00,149.84905684492745,154.08375312665916,149.33695019463687,153.48301696777344,76161100,0.0,0.0
2023-03-17 00:00:00-04:00,153.70951897971963,154.35949876084172,151.93685367986137,152.6459197998047,98944600,0.0,0.0
2023-03-20 00:00:00-04:00,152.71489092530072,155.42312546588803,151.80885014610277,155.00949096679688,73641400,0.0,0.0
2023-03-21 00:00:00-04:00,154.93069227015488,156.9790888157361,154.1625247817563,156.8609161376953,73938300,0.0,0.0
2023-03-22 00:00:00-04:00,156.88061300312046,159.6774765177441,155.41323716716616,155.4329376220703,75701800,0.0,0.0
2023-03-23 00:00:00-04:00,156.41776312286146,159.0964541870748,155.28521978995877,156.5162353515625,67622100,0.0,0.0
2023-03-24 00:00:00-04:00,156.44730394409444,157.90482213956633,155.45264879499626,157.81619262695312,59196500,0.0,0.0
2023-03-27 00:00:00-04:00,157.51093700805714,158.32833330749588,155.47236761782167,155.8761444091797,52390300,0.0,0.0
2023-03-28 00:00:00-04:00,155.57082346557496,156.0829301456233,153.6110412861723,155.25567626953125,45992200,0.0,0.0
2023-03-29 00:00:00-04:00,156.94954647836764,158.60403911493316,156.92986104995282,158.3282928466797,51305700,0.0,0.0
2023-03-30 00:00:00-04:00,159.07675364456477,160.00247975071784,158.82070781762587,159.89414978027344,49501700,0.0,0.0
2023-03-31 00:00:00-04:00,159.97293860815142,162.49405610459849,159.45098920585787,162.39556884765625,68749800,0.0,0.0
2023-04-03 00:00:00-04:00,161.7751332479675,163.76444342844442,161.725889623748,163.64627075195312,56976200,0.0,0.0
2023-04-04 00:00:00-04:00,164.06977129650792,164.3061166832112,162.60239523685718,163.114501953125,46278300,0.0,0.0
2023-04-05 00:00:00-04:00,162.2379998945446,162.54328933366952,159.34264903941414,161.2728729248047,51511700,0.0,0.0
2023-04-06 00:00:00-04:00,159.96311293315853,162.45470278445305,159.53965070291807,162.1592559814453,45390100,0.0,0.0
2023-04-10 00:00:00-04:00,158.96840146235982,159.5691375732422,157.6487565719111,159.5691375732422,47716900,0.0,0.0
2023-04-11 00:00:00-04:00,159.88428065231392,159.89412336543904,158.0722146254148,158.35781860351562,47644200,0.0,0.0
2023-04-12 00:00:00-04:00,158.77144201112134,159.59868074602483,157.35330987869057,157.66845703125,50133100,0.0,0.0
2023-04-13 00:00:00-04:00,159.17525665056672,163.28192316496492,158.9684394039646,163.04556274414062,68445600,0.0,0.0
2023-04-14 00:00:00-04:00,162.09027277975596,163.794009087704,161.33197803499354,162.70086669921875,49386500,0.0,0.0
2023-04-17 00:00:00-04:00,162.58269264644778,162.87813940299813,161.53879379674336,162.72056579589844,41516200,0.0,0.0
2023-04-18 00:00:00-04:00,163.5773508935462,164.8674527745674,163.13417327770642,163.9417266845703,49923000,0.0,0.0
2023-04-19 00:00:00-04:00,163.28194323734553,165.6061017331643,163.02588232654637,165.0841522216797,47720200,0.0,0.0
2023-04-20 00:00:00-04:00,163.56748026442403,165.3204450523275,163.04553091898333,164.1189727783203,52456400,0.0,0.0
2023-04-21 00:00:00-04:00,162.54327607753027,163.92200731179602,161.99178358382397,162.51373291015625,58337300,0.0,0.0
2023-04-24 00:00:00-04:00,162.49405610505224,163.0849495926161,161.40091367199096,162.8190460205078,41949600,0.0,0.0
2023-04-25 00:00:00-04:00,162.68119268208375,163.78417796430023,161.2433597017252,161.2827606201172,48714100,0.0,0.0
2023-04-26 00:00:00-04:00,160.58350725145092,162.76979197769046,160.32746143764658,161.2728729248047,45498800,0.0,0.0
2023-04-27 00:00:00-04:00,162.6811671878293,165.9999802574992,162.6811671878293,165.85226440429688,64902300,0.0,0.0
2023-04-28 00:00:00-04:00,165.93105213681218,167.27039764589344,165.33031595199535,167.10296630859375,55275900,0.0,0.0
2023-05-01 00:00:00-04:00,166.70906903109534,167.86129792357815,166.07878959348815,167.0143585205078,52472900,0.0,0.0
2023-05-02 00:00:00-04:00,167.50673256610264,167.76279339985444,164.99545801480568,165.9802703857422,48425700,0.0,0.0
2023-05-03 00:00:00-04:00,166.92572910723644,168.32416114075937,164.6212713207429,164.9068603515625,65136000,0.0,0.0
2023-05-04 00:00:00-04:00,162.38569340694187,164.50303376107877,161.8145004912906,163.2720184326172,81235400,0.0,0.0
2023-05-05 00:00:00-04:00,168.3832383689214,171.65282310766082,168.1665784150509,170.9339141845703,113453200,0.0,0.0
2023-05-08 00:00:00-04:00,169.86043164324718,171.20963479482143,169.49605587870553,170.8649444580078,55962800,0.0,0.0
2023-05-09 00:00:00-04:00,170.42178299192224,170.90433143409618,168.99380806621033,169.16122436523438,45326900,0.0,0.0
2023-05-10 00:00:00-04:00,170.39223444016065,171.38688948895523,169.28923440637098,170.9240264892578,53724500,0.0,0.0
2023-05-11 00:00:00-04:00,171.20964753246403,171.93839911576495,169.5551548305296,171.1111602783203,49514700,0.0,0.0
2023-05-12 00:00:00-04:00,171.21962961924467,171.653548851867,168.6358569767775,170.1841583251953,45533100,0.24,0.0
2023-05-15 00:00:00-04:00,170.76601261404946,170.815324358024,169.09937498339835,169.6910858154297,37266700,0.0,0.0
2023-05-16 00:00:00-04:00,169.61219003463674,170.74628490689332,169.42481443623242,169.6910858154297,42110300,0.0,0.0
2023-05-17 00:00:00-04:00,169.33607370599472,170.53919306240596,168.06389984598047,170.30252075195312,57951600,0.0,0.0
2023-05-18 00:00:00-04:00,170.60817644442238,172.81721258554498,170.1939849894296,172.6298370361328,65496700,0.0,0.0
2023-05-19 00:00:00-04:00,173.95134816577144,173.95134816577144,172.5213979143073,172.7383575439453,55809500,0.0,0.0
2023-05-22 00:00:00-04:00,171.57465110395842,172.2945693897219,171.05197977463047,171.79161071777344,43570900,0.0,0.0
2023-05-23 00:00:00-04:00,170.7364116817252,170.9829553293692,168.9119826700276,169.1881103515625,50747300,0.0,0.0
2023-05-24 00:00:00-04:00,168.7246024757336,170.03621645106807,168.16249079935005,169.4642333984375,45143500,0.0,0.0
2023-05-25 00:00:00-04:00,170.02637505144457,171.49576564962197,169.31632809947834,170.59835815429688,56058300,0.0,0.0
2023-05-26 00:00:00-04:00,170.92379413047703,173.33991896491864,170.71669083708804,173.00460815429688,54835000,0.0,0.0
2023-05-30 00:00:00-04:00,174.51347436884586,176.51540772383512,174.1288668535482,174.84877014160156,55964400,0.0,0.0
2023-05-31 00:00:00-04:00,174.87836477742368,176.8704419237823,174.31623796446905,174.79946899414062,99625300,0.0,0.0
2023-06-01 00:00:00-04:00,175.24320228346932,177.62974272201325,174.4838437196236,177.60015869140625,68901800,0.0,0.0
2023-06-02 00:00:00-04:00,178.5271532052556,179.2667840167609,176.78162027671132,178.44825744628906,61996900,0.0,0.0
2023-06-05 00:00:00-04:00,180.1050954524954,182.39301299737724,175.57854201305094,177.09725952148438,121946500,0.0,0.0
2023-06-06 00:00:00-04:00,177.4818328127375,177.62975297431,174.97694105936182,176.7323455810547,64848400,0.0,0.0
2023-06-07 00:00:00-04:00,175.97299569419778,178.70470351330488,174.8684849721747,175.361572265625,61944600,0.0,0.0
2023-06-08 00:00:00-04:00,175.44047811466785,178.33983422301452,175.00657387447097,178.07357788085938,50214900,0.0,0.0
2023-06-09 00:00:00-04:00,178.99070336218668,179.71060666093933,178.13273621096323,178.4581756591797,48900000,0.0,0.0
2023-06-12 00:00:00-04:00,178.76385922591572,181.34763164971682,178.46800386072707,181.24900817871094,54274900,0.0,0.0
2023-06-13 00:00:00-04:00,180.2727216495119,181.60404834381112,179.91769818813273,180.77566528320312,54929100,0.0,0.0
2023-06-14 00:00:00-04:00,180.83483150172444,181.84073380664427,179.50350482104812,181.4068145751953,57462900,0.0,0.0
2023-06-15 00:00:00-04:00,181.41667817053525,183.94128262941163,181.23915892536104,183.43832397460938,65433200,0.0,0.0
2023-06-16 00:00:00-04:00,184.14839232814637,184.4048073735327,181.7224110612984,182.36341857910156,101256200,0.0,0.0
2023-06-20 00:00:00-04:00,181.8604527350327,183.52709013546678,181.8604527350327,182.4521484375,49799100,0.0,0.0
2023-06-21 00:00:00-04:00,182.3437091740366,182.8466679379569,180.06564786023924,181.41671752929688,49515700,0.0,0.0
2023-06-22 00:00:00-04:00,181.1997036995518,184.46393880857786,181.13066426325057,184.4146270751953,51245300,0.0,0.0
2023-06-23 00:00:00-04:00,182.98470820219737,184.96691381940127,182.45216546765664,184.0990753173828,53117000,0.0,0.0
2023-06-26 00:00:00-04:00,184.2470177435845,185.45015206010262,182.66913223239737,182.70858764648438,48088700,0.0,0.0
2023-06-27 00:00:00-04:00,183.32000947784528,185.78544616190248,183.10304984582174,185.4600067138672,50730800,0.0,0.0
2023-06-28 00:00:00-04:00,185.33178721386028,187.27455239917202,185.00636283468697,186.633544921875,51216800,0.0,0.0
2023-06-29 00:00:00-04:00,186.4658979165552,187.4422162021352,186.32783407243755,186.96884155273438,46347300,0.0,0.0
2023-06-30 00:00:00-04:00,188.98063939826477,191.79122791985353,188.6157445714927,191.2882843017578,85213200,0.0,0.0
2023-07-03 00:00:00-04:00,191.10089105870892,191.19951452662892,189.1088143797874,189.7991485595703,31458200,0.0,0.0
2023-07-05 00:00:00-04:00,188.92147125163748,190.311965971159,187.98459336367247,188.68478393554688,46920300,0.0,0.0
2023-07-06 00:00:00-04:00,187.2153769807983,189.36524537083605,186.5842258571581,189.15814208984375,45094300,0.0,0.0
2023-07-07 00:00:00-04:00,188.76364985242918,190.00622420776025,187.60982758365873,188.04373168945312,46815000,0.0,0.0
2023-07-10 00:00:00-04:00,186.6433878022031,187.36330604998784,184.45407912216882,186.00238037109375,59922200,0.0,0.0
2023-07-11 00:00:00-04:00,186.5447607531038,186.6828245728434,184.0201565933923,185.4796905517578,46638100,0.0,0.0
2023-07-12 00:00:00-04:00,187.0575799007695,189.04965668897157,185.864317131752,187.14634704589844,60750200,0.0,0.0
2023-07-13 00:00:00-04:00,187.86624506525828,188.5467078881079,187.15619821079162,187.9056854248047,41342300,0.0,0.0
2023-07-14 00:00:00-04:00,187.59998771190843,188.53685056119244,187.00829198764853,188.0536346435547,41616200,0.0,0.0
2023-07-17 00:00:00-04:00,189.2469126832782,191.6334686208352,189.1581605746784,191.3080291748047,50520200,0.0,0.0
2023-07-18 00:00:00-04:00,190.6768691009351,191.64331601668746,189.75971887799713,191.05160522460938,48288200,0.0,0.0
2023-07-19 00:00:00-04:00,190.4303301514657,195.48939585264796,189.9865395225249,192.40267944335938,80507300,0.0,0.0
2023-07-20 00:00:00-04:00,192.39277822300156,193.7537038386121,189.83858989767532,190.4598846435547,59581200,0.0,0.0
2023-07-21 00:00:00-04:00,191.41650251566858,192.2744696321092,188.5861710830146,189.28636169433594,71951700,0.0,0.0
2023-07-24 00:00:00-04:00,190.73603816687742,192.21530010696893,189.59207198839397,190.0851593017578,45377800,0.0,0.0
2023-07-25 00:00:00-04:00,190.65713123041024,191.75178560391285,190.2527960456413,190.943115234375,37283200,0.0,0.0
2023-07-26 00:00:00-04:00,190.99241694846552,192.93518195125802,190.64726489612826,191.81094360351562,47471900,0.0,0.0
2023-07-27 00:00:00-04:00,193.3099676892758,194.4736466049838,189.88794029801272,190.54867553710938,47460200,0.0,0.0
2023-07-28 00:00:00-04:00,191.97862287270013,193.9115318637554,191.45595149688123,193.12258911132812,48291400,0.0,0.0
2023-07-31 00:00:00-04:00,193.34938604539337,193.77344894031904,192.56044337061044,193.73399353027344,38824100,0.0,0.0
2023-08-01 00:00:00-04:00,193.52690392813534,194.0101198390568,192.58016971551623,192.90560913085938,35175100,0.0,0.0
2023-08-02 00:00:00-04:00,192.34347668203839,192.48154051645844,189.19759252290805,189.91749572753906,50389300,0.0,0.0
2023-08-03 00:00:00-04:00,188.92148694956984,189.71041463976601,188.0536484329567,188.52700805664062,61235200,0.0,0.0
2023-08-04 00:00:00-04:00,182.95513345446872,184.7894189873242,179.40489853673822,179.47393798828125,115956800,0.0,0.0
2023-08-07 00:00:00-04:00,179.6119861039443,180.59816071157974,174.89807268327345,176.37733459472656,97576100,0.0,0.0
2023-08-08 00:00:00-04:00,177.20572916857282,177.77771228390873,175.12490000933562,177.314208984375,67823000,0.0,0.0
2023-08-09 00:00:00-04:00,178.36941190145535,178.42857997538025,174.5627769846933,175.72647094726562,60378500,0.0,0.0
2023-08-10 00:00:00-04:00,176.9986245515979,178.25107058876787,175.14462641506705,175.50950622558594,54686900,0.0,0.0
2023-08-11 00:00:00-04:00,175.10461152163393,176.38835756307438,174.34422750725284,175.5687255859375,52036700,0.24,0.0
2023-08-14 00:00:00-04:00,175.74650562753334,177.44501774834183,175.09474782272636,177.2178955078125,43675600,0.0,0.0
2023-08-15 00:00:00-04:00,176.64511288490613,177.2376075606865,174.83797474088598,175.23297119140625,43622600,0.0,0.0
2023-08-16 00:00:00-04:00,174.91701484938284,176.30938743269644,174.29488099061055,174.364013671875,46964900,0.0,0.0
2023-08-17 00:00:00-04:00,174.92688028330798,175.29225282363015,171.31260330101006,171.82611083984375,66062900,0.0,0.0
2023-08-18 00:00:00-04:00,170.14734105941557,172.91236175457905,169.81159252872837,172.3099822998047,61172200,0.0,0.0
2023-08-21 00:00:00-04:00,172.88274314562352,173.92949746098708,171.56935789788312,173.6431121826172,46311900,0.0,0.0
2023-08-22 00:00:00-04:00,174.8478727981476,175.46012191641384,174.04799506153495,175.0157470703125,42038900,0.0,0.0
2023-08-23 00:00:00-04:00,176.28962468028294,179.28176749229362,176.1019960768648,178.8571319580078,52722800,0.0,0.0
2023-08-24 00:00:00-04:00,178.41277199096436,178.8374075605793,173.8109887437673,174.17637634277344,54945800,0.0,0.0
2023-08-25 00:00:00-04:00,175.16386577811136,176.91174101480664,173.62335841851225,176.3784942626953,51449600,0.0,0.0
2023-08-28 00:00:00-04:00,177.8400250704037,178.33377827348758,176.31927183489213,177.93878173828125,43820700,0.0,0.0
2023-08-29 00:00:00-04:00,177.4548654120463,182.58989476243158,177.25736718090633,181.81964111328125,53003900,0.0,0.0
2023-08-30 00:00:00-04:00,182.62940848986258,185.50305529692773,182.43191025327192,185.3055419921875,60813900,0.0,0.0
2023-08-31 00:00:00-04:00,185.4931879048022,186.75719481874472,185.13768501849643,185.52281188964844,60794500,0.0,0.0
2023-09-01 00:00:00-04:00,187.12258052751662,187.54720101813678,185.92769123419916,187.09295654296875,45766500,0.0,0.0
2023-09-05 00:00:00-04:00,185.92768366781115,187.6064413525269,185.26605625958229,187.32994079589844,45280000,0.0,0.0
2023-09-06 00:00:00-04:00,186.0462022000218,186.49059214043663,179.20278998997966,180.6248016357422,81755800,0.0,0.0
2023-09-07 00:00:00-04:00,172.99134398653018,175.98350189646143,171.37183427986267,175.34161376953125,112488800,0.0,0.0
2023-09-08 00:00:00-04:00,176.12176201867752,177.98814840122637,175.56874581023814,175.95387268066406,65551300,0.0,0.0
2023-09-11 00:00:00-04:00,177.82027676778657,178.0473990105972,175.12437356668377,177.119140625,58953100,0.0,0.0
2023-09-12 00:00:00-04:00,177.24751388848827,177.87951732730735,172.6358612060169,174.0973663330078,90370200,0.0,0.0
2023-09-13 00:00:00-04:00,174.3046992801155,175.08483755067667,171.80631000965792,172.033447265625,84267900,0.0,0.0
2023-09-14 00:00:00-04:00,171.82609096561458,173.89986015970092,171.4113401404273,173.5443572998047,60895800,0.0,0.0
2023-09-15 00:00:00-04:00,174.27513730071914,174.29489164916728,171.6483815469245,172.82350158691406,109259500,0.0,0.0
2023-09-18 00:00:00-04:00,174.27511585610648,177.13889330258442,173.96899129951683,175.7465057373047,67257600,0.0,0.0
2023-09-19 00:00:00-04:00,175.3021409914078,177.38578010579235,174.91701409671836,176.83277893066406,51826900,0.0,0.0
2023-09-20 00:00:00-04:00,177.0203888259045,177.45489404541186,173.20861358406935,173.29750061035156,58436200,0.0,0.0
2023-09-21 00:00:00-04:00,172.36922214048295,174.0973581099587,171.6878404044714,171.7569580078125,63149100,0.0,0.0
2023-09-22 00:00:00-04:00,172.48775099523908,174.86764517240317,171.87550181385268,172.6062469482422,56725400,0.0,0.0
2023-09-25 00:00:00-04:00,172.02359502231215,174.75899170155245,171.97421669351675,173.88011169433594,46172700,0.0,0.0
2023-09-26 00:00:00-04:00,172.63586851438868,173.01111068359924,169.51534481079926,169.8115997314453,64588900,0.0,0.0
2023-09-27 00:00:00-04:00,170.46331542744704,170.87806622328196,166.93792612877573,168.30067443847656,66921800,0.0,0.0
2023-09-28 00:00:00-04:00,167.22430983558627,169.88070413963854,165.52579782856736,168.5574493408203,56294400,0.0,0.0
2023-09-29 00:00:00-04:00,169.870831028669,170.90771561508154,168.21181267677895,169.07095336914062,51861100,0.0,0.0
2023-10-02 00:00:00-04:00,169.0808338409062,172.12235512412923,168.79444856905252,171.5792236328125,52164500,0.0,0.0
2023-10-03 00:00:00-04:00,170.1078282132375,171.46072207785286,168.6858318118607,170.24607849121094,49594600,0.0,0.0
2023-10-04 00:00:00-04:00,168.95244285882518,172.03347264460572,168.83394692911625,171.49034118652344,53020300,0.0,0.0
2023-10-05 00:00:00-04:00,171.6187292983148,173.25799352598938,170.52259660006877,172.72474670410156,48527900,0.0,0.0
2023-10-06 00:00:00-04:00,171.6286058875163,175.76625988669193,171.0163417068709,175.2725067138672,57266700,0.0,0.0
2023-10-09 00:00:00-04:00,174.6010122921434,176.81303215553828,173.6036362062995,176.7537841796875,42390800,0.0,0.0
2023-10-10 00:00:00-04:00,175.87489990900735,177.47465549196244,175.72676490471198,176.16127014160156,43698000,0.0,0.0
2023-10-11 00:00:00-04:00,175.9736185461729,177.60301297187604,175.3811238107674,177.5536346435547,47551100,0.0,0.0
2023-10-12 00:00:00-04:00,177.82026707710477,180.06189553412176,176.80312172309905,178.4522705078125,56743100,0.0,0.0
2023-10-13 00:00:00-04:00,179.1533924067404,179.6570151987734,175.91437292525092,176.61550903320312,51427100,0.0,0.0
2023-10-16 00:00:00-04:00,174.54174811745375,176.84263973108403,174.3047411678942,176.4871368408203,52517000,0.0,0.0
2023-10-17 00:00:00-04:00,174.44299912050275,176.19088966345473,172.61612132571108,174.93675231933594,57549400,0.0,0.0
2023-10-18 00:00:00-04:00,173.3863659573123,175.36137864838344,172.9222367694585,173.6431121826172,54764400,0.0,0.0
2023-10-19 00:00:00-04:00,173.84059314667203,175.61810740546204,173.00122187734726,173.26785278320312,59302900,0.0,0.0
2023-10-20 00:00:00-04:00,173.11975677949712,173.22838309388226,170.48311631376995,170.72012329101562,64244000,0.0,0.0
2023-10-23 00:00:00-04:00,168.77470794688867,171.8359684831129,167.80694090892598,170.83859252929688,55980100,0.0,0.0
2023-10-24 00:00:00-04:00,170.8879597127696,171.50020876645127,169.3079436842464,171.27308654785156,43816600,0.0,0.0
2023-10-25 00:00:00-04:00,169.7325797223047,170.8978298690587,168.51793618108192,168.9623260498047,57157000,0.0,0.0
2023-10-26 00:00:00-04:00,168.24143389027685,169.23882483986895,163.60015755926395,164.80491638183594,70625300,0.0,0.0
2023-10-27 00:00:00-04:00,164.82468576422622,166.8490767618186,164.7456834493569,166.11831665039062,58499100,0.0,0.0
2023-10-30 00:00:00-04:00,166.90832288755587,169.03145545417337,166.7601878982554,168.16244506835938,51131000,0.0,0.0
2023-10-31 00:00:00-04:00,167.23420217717043,168.76482492650203,165.80230595130433,168.63645935058594,44846000,0.0,0.0
2023-11-01 00:00:00-04:00,168.86356825336904,172.0532092124064,167.99455793411695,171.7964630126953,56934900,0.0,0.0
2023-11-02 00:00:00-04:00,173.32712561259646,175.55888462715336,173.26787764016203,175.3515167236328,77334800,0.0,0.0
2023-11-03 00:00:00-04:00,172.06312932936157,174.61089777938133,171.1842491912974,174.44300842285156,79829200,0.0,0.0
2023-11-06 00:00:00-05:00,174.17636920813592,177.18825142381783,174.00849494223715,176.99075317382812,63841300,0.0,0.0
2023-11-07 00:00:00-05:00,176.94138484513783,180.1606652677133,176.7340169447808,179.5484161376953,70530000,0.0,0.0
2023-11-08 00:00:00-05:00,180.07177947416378,181.15802736111343,179.32126504404005,180.6050262451172,49340300,0.0,0.0
2023-11-09 00:00:00-05:00,180.67415869856794,181.81965455110011,179.53851741631973,180.1310272216797,53763500,0.0,0.0
2023-11-10 00:00:00-05:00,181.91089548671326,184.48180071812672,181.47581782404296,184.31369018554688,66133400,0.24,0.0
2023-11-13 00:00:00-05:00,183.74015491726047,183.94779597294095,182.1481747757102,182.7315673828125,43627500,0.0,0.0
2023-11-14 00:00:00-05:00,185.59912547957174,186.00454008995078,184.21480130754796,185.342041015625,60108400,0.0,0.0
2023-11-15 00:00:00-05:00,185.74744196041772,187.3789678351275,185.67821821290843,185.9056396484375,53790500,0.0,0.0
2023-11-16 00:00:00-05:00,187.44819173837502,188.8226331691939,186.53847581950137,187.5866241455078,54412900,0.0,0.0
2023-11-17 00:00:00-05:00,188.12059370194675,188.24914348244,186.4594046371221,187.56686401367188,50922700,0.0,0.0
2023-11-20 00:00:00-05:00,187.76462241033667,189.7620174322178,187.75473976876387,189.30715942382812,46505100,0.0,0.0
2023-11-21 00:00:00-05:00,189.2676114417462,189.37638084971888,187.61630503925363,188.5062255859375,38134500,0.0,0.0
2023-11-22 00:00:00-05:00,189.34669431189826,190.7705639920827,188.69407794514686,189.168701171875,39617700,0.0,0.0
2023-11-24 00:00:00-05:00,188.733624664797,188.76328767363577,187.13176183550132,187.8437042236328,24048300,0.0,0.0
2023-11-27 00:00:00-05:00,187.79427548166112,188.53588093642713,186.78568783853885,187.6657257080078,40552600,0.0,0.0
2023-11-28 00:00:00-05:00,187.6558347269926,188.9412871423915,187.28008315178343,188.26889038085938,38415400,0.0,0.0
2023-11-29 00:00:00-05:00,188.76331653900834,189.93999969621768,186.85492560121705,187.2504425048828,43014200,0.0,0.0
2023-11-30 00:00:00-05:00,187.71515943504943,188.18979776505014,186.08363355367433,187.8239288330078,48794400,0.0,0.0
2023-12-01 00:00:00-05:00,188.1996843513192,189.4159130354433,187.11199034893104,189.09950256347656,45704800,0.0,0.0
2023-12-04 00:00:00-05:00,187.85358512953687,187.92280887485518,185.35190415389414,187.3097381591797,43389500,0.0,0.0
2023-12-05 00:00:00-05:00,188.0810636242485,192.2241539878595,188.05138552105933,191.255126953125,66628400,0.0,0.0
2023-12-06 00:00:00-05:00,192.27355320919483,192.58008102103562,189.95974802820277,190.1674041748047,41089700,0.0,0.0
2023-12-07 00:00:00-05:00,191.4627754603769,192.817436726138,191.42321471638212,192.09561157226562,47477700,0.0,0.0
2023-12-08 00:00:00-05:00,192.02634649559002,193.79631975243228,191.50227991044673,193.5194549560547,53406400,0.0,0.0
2023-12-11 00:00:00-05:00,190.9485830810774,191.3243346926335,189.27749628821252,191.01779174804688,60943700,0.0,0.0
2023-12-12 00:00:00-05:00,190.91889435682484,192.54053754746204,189.5741159727842,192.53065490722656,52696900,0.0,0.0
2023-12-13 00:00:00-05:00,192.90642113434447,195.78385412672148,192.66911702808835,195.7443084716797,70404200,0.0,0.0
2023-12-14 00:00:00-05:00,195.8036348613561,197.3857175620074,193.964452594447,195.8926239013672,66831600,0.0,0.0
2023-12-15 00:00:00-05:00,195.3190970971854,196.17935458626624,194.79503045579114,195.35865783691406,128538400,0.0,0.0
2023-12-18 00:00:00-05:00,193.8951918855721,194.4291561998814,192.21422273548694,193.6974334716797,55751900,0.0,0.0
2023-12-19 00:00:00-05:00,193.96443406555753,194.74558515548247,193.69745188302565,194.73570251464844,40714100,0.0,0.0
2023-12-20 00:00:00-05:00,194.69617655774934,195.46744514462725,192.64935302734375,192.64935302734375,52242800,0.0,0.0
2023-12-21 00:00:00-05:00,193.9051267903215,194.8741537657828,191.33422165280876,192.50100708007812,46482500,0.0,0.0
2023-12-22 00:00:00-05:00,192.9953923922105,193.22282892375426,190.81013681243016,191.43309020996094,37149600,0.0,0.0
2023-12-26 00:00:00-05:00,191.4429507751369,191.7198155670022,190.67168241379784,190.88922119140625,28919300,0.0,0.0
2023-12-27 00:00:00-05:00,190.33551208827305,191.3342019743918,188.9511728919884,190.9881134033203,48087700,0.0,0.0
2023-12-28 00:00:00-05:00,191.96707508718282,192.48125917871982,191.0079306668944,191.41334533691406,34049900,0.0,0.0
2023-12-29 00:00:00-05:00,191.72973752393827,192.2241411947973,189.5840274029703,190.3750762939453,42672100,0.0,0.0
2024-01-02 00:00:00-05:00,185.0552730997862,186.33084291740326,181.83176685644636,183.5621795654297,82488700,0.0,0.0
2024-01-03 00:00:00-05:00,182.15808112880916,183.79950485996184,181.37691491631995,182.187744140625,58414500,0.0,0.0
2024-01-04 00:00:00-05:00,180.11122069139344,181.04070184894312,178.85544644389557,179.87391662597656,71983600,0.0,0.0
2024-01-05 00:00:00-05:00,179.95303087035154,180.71440156415224,178.15339449300276,179.15208435058594,62379700,0.0,0.0
2024-01-08 00:00:00-05:00,180.0519155054874,183.52263874374273,179.46852282651062,183.4830780029297,59144500,0.0,0.0
2024-01-09 00:00:00-05:00,181.8614486084712,183.07767744176536,180.68476543102267,183.0677947998047,42841800,0.0,0.0
2024-01-10 00:00:00-05:00,182.28661640904596,184.31365913260458,181.8614214601624,184.10601806640625,46792900,0.0,0.0
2024-01-11 00:00:00-05:00,184.4521049955326,184.9564063690912,181.5647895230864,183.5127410888672,49128400,0.0,0.0
2024-01-12 00:00:00-05:00,183.97749798089004,184.64989484239166,183.11724039185432,183.8390655517578,40477800,0.0,0.0
2024-01-16 00:00:00-05:00,180.12115895148446,182.19764543114704,178.9049149905355,181.57470703125,65603000,0.0,0.0
2024-01-17 00:00:00-05:00,179.24110807963172,180.8825167727283,178.281963767062,180.63531494140625,47317400,0.0,0.0
2024-01-18 00:00:00-05:00,184.00715864056133,187.0230241166397,183.7500741577492,186.51873779296875,78005800,0.0,0.0
2024-01-19 00:00:00-05:00,187.21090309791916,189.80157360580037,186.70661676571424,189.4159393310547,68903000,0.0,0.0
2024-01-22 00:00:00-05:00,190.147618364531,193.1437028283241,190.10805762916755,191.71981811523438,60133900,0.0,0.0
2024-01-23 00:00:00-05:00,192.83720939883855,193.55903452389106,191.66052626402544,192.9954071044922,42355600,0.0,0.0
2024-01-24 00:00:00-05:00,193.23272951111284,194.18199120084623,192.16481576816378,192.32302856445312,53631300,0.0,0.0
2024-01-25 00:00:00-05:00,193.03497008475262,194.07322080915367,190.94858599423335,191.99671936035156,54822100,0.0,0.0
2024-01-26 00:00:00-05:00,192.09559590318426,192.58010181757646,189.7916731135176,190.26629638671875,44594000,0.0,0.0
2024-01-29 00:00:00-05:00,189.86086444187634,190.04874022336423,187.45807019569023,189.58399963378906,47145600,0.0,0.0
2024-01-30 00:00:00-05:00,188.80285272092348,189.65322753238257,185.37169046557113,185.935302734375,55859400,0.0,0.0
2024-01-31 00:00:00-05:00,184.94651023142666,185.00585134318092,182.28663127585358,182.3360595703125,55467800,0.0,0.0
2024-02-01 00:00:00-05:00,181.93068222666935,184.85754373397813,181.7625867762094,184.7685546875,64885400,0.0,0.0
2024-02-02 00:00:00-05:00,177.84689023760967,185.23328233515724,177.2437171517322,183.7698516845703,102551700,0.0,0.0
2024-02-05 00:00:00-05:00,186.0440863383638,187.1317803970082,183.75994390321247,185.579345703125,69668800,0.0,0.0
2024-02-06 00:00:00-05:00,184.76855142564483,187.1911265388062,184.67956238073768,187.18124389648438,43490800,0.0,0.0
2024-02-07 00:00:00-05:00,188.50623739169367,188.91165203661865,186.49895962721544,187.29000854492188,53439000,0.0,0.0
2024-02-08 00:00:00-05:00,187.27020463334281,187.41851968576853,185.25304448034683,186.21218872070312,40962000,0.0,0.0
2024-02-09 00:00:00-05:00,186.77652244170517,188.10322646586073,186.13298359451971,186.97454833984375,45155200,0.24,0.0
2024-02-12 00:00:00-05:00,186.5487888854563,186.79630612181433,184.93497167008087,185.29139709472656,41781900,0.0,0.0
2024-02-13 00:00:00-05:00,183.92513863049606,184.36077144619387,181.68757282391297,183.20237731933594,56529500,0.0,0.0
2024-02-14 00:00:00-05:00,183.4796068721132,183.6875129162611,180.62820312290157,182.3212127685547,54630500,0.0,0.0
2024-02-15 00:00:00-05:00,181.72716915991907,182.65783644316613,179.5490203671251,182.03408813476562,65434500,0.0,0.0
2024-02-16 00:00:00-05:00,181.59845842120637,183.0142649801448,179.86583763061847,180.49948120117188,49752500,0.0,0.0
2024-02-20 00:00:00-05:00,179.984623854957,180.61826736487214,178.21240712023044,179.7569122314453,53665600,0.0,0.0
2024-02-21 00:00:00-05:00,180.13316833455778,181.0737309260645,178.86588113831095,180.5093994140625,41371400,0.0,0.0
2024-02-22 00:00:00-05:00,181.65787110291916,183.1231842228548,180.64801151557128,182.53903198242188,52292200,0.0,0.0
2024-02-23 00:00:00-05:00,183.1726595934398,183.20236045475278,180.4202689919066,180.7073974609375,45119700,0.0,0.0
2024-02-26 00:00:00-05:00,180.4302078946742,180.94503297704767,178.85598645977296,179.36093139648438,40867400,0.0,0.0
2024-02-27 00:00:00-05:00,179.30151026553332,182.09349711935678,177.77679547469845,180.81631469726562,54318900,0.0,0.0
2024-02-28 00:00:00-05:00,180.69750358801915,181.30144633523983,178.34114943443706,179.6183319091797,48953900,0.0,0.0
2024-02-29 00:00:00-05:00,179.46981142225187,180.75690414056305,177.74708592784262,178.95497131347656,136682600,0.0,0.0
2024-03-01 00:00:00-05:00,177.76690051629518,178.73716395290236,175.61845249589473,177.8758087158203,73563100,0.0,0.0
2024-03-04 00:00:00-05:00,174.40064432483445,175.14319605787904,172.06408093389737,173.361083984375,81510100,0.0,0.0
2024-03-05 00:00:00-05:00,169.06420089624305,170.33148818677603,167.93552268101038,168.43055725097656,95132400,0.0,0.0
2024-03-06 00:00:00-05:00,169.36121186741923,169.53943215491887,167.00484265804033,167.4404754638672,68587700,0.0,0.0
2024-03-07 00:00:00-05:00,167.47015957545335,169.0344703547855,166.81672553933012,167.3216552734375,71765100,0.0,0.0
2024-03-08 00:00:00-05:00,167.3216847390924,171.97500667784078,167.2622830078253,169.0345001220703,76267000,0.0,0.0
2024-03-11 00:00:00-04:00,171.22253935977105,172.64824117092596,170.34137853305091,171.034423828125,60139500,0.0,0.0
2024-03-12 00:00:00-04:00,171.43045147590772,172.3017170819102,169.31170429451927,171.50965881347656,59825400,0.0,0.0
2024-03-13 00:00:00-04:00,171.05425482761498,171.4700820663792,169.06420612614593,169.4305419921875,52488700,0.0,0.0
2024-03-14 00:00:00-04:00,171.1928340614332,172.57892461566286,170.34137411890524,171.2819366455078,72913500,0.0,0.0
2024-03-15 00:00:00-04:00,169.47010369924573,170.90570068359375,168.5988381717502,170.90570068359375,121752700,0.0,0.0
2024-03-18 00:00:00-04:00,173.82643054023092,175.94517770513775,171.7967859641753,171.9947967529297,75604200,0.0,0.0
2024-03-19 00:00:00-04:00,172.6086191723699,174.85607994565953,171.31163124958826,174.3313446044922,55215200,0.0,0.0
2024-03-20 00:00:00-04:00,173.97491429018868,176.89561462402344,173.35116602745083,176.89561462402344,53423100,0.0,0.0
2024-03-21 00:00:00-04:00,175.29172116809335,175.72735394947048,169.14338597139206,169.66812133789062,106181300,0.0,0.0
2024-03-22 00:00:00-04:00,170.05423645695066,171.33143385532912,168.37112227286767,170.56907653808594,71160100,0.0,0.0
2024-03-25 00:00:00-04:00,168.8760716915293,170.23246134793257,167.76718417070535,169.15328979492188,54288300,0.0,0.0
2024-03-26 00:00:00-04:00,168.31174106723407,169.71763732680742,167.8959138727621,168.02462768554688,57388400,0.0,0.0
2024-03-27 00:00:00-04:00,168.7176579392829,171.87598039200594,168.42063422483255,171.58885192871094,60273300,0.0,0.0
2024-03-28 00:00:00-04:00,170.04439201670246,170.51962102200082,168.8167007201525,169.77706909179688,65672700,0.0,0.0
2024-04-01 00:00:00-04:00,169.48991432845702,169.54931605122675,167.79688969325008,168.3414306640625,46240500,0.0,0.0
2024-04-02 00:00:00-04:00,167.40089107386055,167.65830361021796,166.55932626663449,167.16326904296875,49329500,0.0,0.0
2024-04-03 00:00:00-04:00,167.11374996517486,168.98497988400436,166.90584392266877,167.9652099609375,47691700,0.0,0.0
2024-04-04 00:00:00-04:00,168.59883533803097,170.2126525655396,167.14344787597656,167.14344787597656,53704400,0.0,0.0
2024-04-05 00:00:00-04:00,167.90579979250484,168.69785802201392,167.27215623034843,167.89590454101562,42104800,0.0,0.0
2024-04-08 00:00:00-04:00,167.3513719945941,167.51968192191484,166.5692240844266,166.77713012695312,37425500,0.0,0.0
2024-04-09 00:00:00-04:00,167.02464767080627,168.39094781013864,166.67813256359855,167.98501586914062,42373800,0.0,0.0
2024-04-10 00:00:00-04:00,167.12369015897798,167.41080359039768,165.45047073196832,166.1138153076172,49709300,0.0,0.0
2024-04-11 00:00:00-04:00,166.66823651643443,173.7175391133101,166.49003132152566,173.30169677734375,91070300,0.0,0.0
2024-04-12 00:00:00-04:00,172.52944039553972,176.58872985356905,172.47994902506244,174.7967071533203,101670900,0.0,0.0
2024-04-15 00:00:00-04:00,173.6185038309996,174.8758957155582,170.78690583147454,170.9750213623047,73531800,0.0,0.0
2024-04-16 00:00:00-04:00,170.0443499195711,172.03438316124112,166.59891404642835,167.69789123535156,73711200,0.0,0.0
2024-04-17 00:00:00-04:00,167.9256158132339,168.95528100035153,166.33160400390625,166.33160400390625,50901200,0.0,0.0
2024-04-18 00:00:00-04:00,166.36127717179573,166.96521980912772,164.8959794200199,165.381103515625,43122900,0.0,0.0
2024-04-19 00:00:00-04:00,164.559379327856,164.74747975255278,162.45052746983075,163.36138916015625,68149400,0.0,0.0
2024-04-22 00:00:00-04:00,163.87623994630854,165.59895049362888,163.1336881290828,164.19305419921875,48116400,0.0,0.0
2024-04-23 00:00:00-04:00,163.70789797300347,165.3910120745114,163.2821604920133,165.24249267578125,49537800,0.0,0.0
2024-04-24 00:00:00-04:00,164.8861093338651,167.6187098522012,164.5593998092657,167.34149169921875,48251800,0.0,0.0
2024-04-25 00:00:00-04:00,167.84640961058278,168.9156860278579,166.4801094484109,168.2028350830078,50558300,0.0,0.0
2024-04-26 00:00:00-04:00,168.19293999888993,169.63843239437367,167.49987955768663,167.6186981201172,44838400,0.0,0.0
2024-04-29 00:00:00-04:00,171.64826373021612,174.28185098854456,171.38095596804143,171.7769775390625,68169400,0.0,0.0
2024-04-30 00:00:00-04:00,171.60868084411632,173.2521991943247,168.31174889120035,168.6384735107422,65934800,0.0,0.0
2024-05-01 00:00:00-04:00,167.8959162536964,170.99483730573115,167.43058257791944,167.6186981201172,50383100,0.0,0.0
2024-05-02 00:00:00-04:00,170.79679016186972,171.69775653757537,169.19288328746214,171.31163024902344,94214900,0.0,0.0
2024-05-03 00:00:00-04:00,184.7963833456082,185.14291355827163,180.84601747897057,181.55886840820312,163224100,0.0,0.0
2024-05-06 00:00:00-04:00,180.53910014061182,182.3707188474722,178.62825898838415,179.90545654296875,78569700,0.0,0.0
2024-05-07 00:00:00-04:00,181.62818342205114,183.06378067502382,179.5193463953144,180.58860778808594,77305800,0.0,0.0
2024-05-08 00:00:00-04:00,181.0341248704048,181.25194126160505,179.64801918938014,180.9252166748047,45057100,0.0,0.0
2024-05-09 00:00:00-04:00,180.74702708520252,182.8261784061232,180.30149897565002,182.73707580566406,48983000,0.0,0.0
2024-05-10 00:00:00-04:00,183.3120539854214,183.50042466657956,180.56585391849484,181.4779510498047,50759500,0.25,0.0
2024-05-13 00:00:00-04:00,183.84743912898392,185.49318663872077,183.0344740478803,184.6802215576172,72044800,0.0,0.0
2024-05-14 00:00:00-04:00,185.89965779253163,186.6828817403559,184.6901339480471,185.82034301757812,52393600,0.0,0.0
2024-05-15 00:00:00-04:00,186.29619948475903,189.01265820085425,185.76082862824447,188.0906524658203,70400000,0.0,0.0
2024-05-16 00:00:00-04:00,188.83421956137332,189.45881387860598,188.03117836935675,188.20962524414062,52845200,0.0,0.0
2024-05-17 00:00:00-04:00,187.88245575005936,189.17129419091543,187.55528802161362,188.23936462402344,41282900,0.0,0.0
2024-05-20 00:00:00-04:00,187.7040166341828,190.27176982167657,187.38675756521698,189.39932250976562,44361300,0.0,0.0
2024-05-21 00:00:00-04:00,189.44890089382775,191.07481584379752,189.28036268210627,190.69808959960938,42309400,0.0,0.0
2024-05-22 00:00:00-04:00,190.6187885434668,191.16406816634918,188.63596455316463,189.2605438232422,34648500,0.0,0.0
2024-05-23 00:00:00-04:00,189.3398501117122,189.35968258649532,185.02721720275102,185.2750701904297,51005900,0.0,0.0
2024-05-24 00:00:00-04:00,187.1984232707908,188.94330296502375,186.4251079843019,188.34844970703125,36327000,0.0,0.0
2024-05-28 00:00:00-04:00,189.86528785982966,191.34249703943843,187.47599667367734,188.3583526611328,52280100,0.0,0.0
2024-05-29 00:00:00-04:00,187.98160889548626,190.5989356775744,187.88246165547932,188.65576171875,53068000,0.0,0.0
2024-05-30 00:00:00-04:00,189.12173915319045,190.52954231443272,188.99286588586446,189.64718627929688,49889100,0.0,0.0
2024-05-31 00:00:00-04:00,189.7959119633218,190.9162123421418,188.27905284340878,190.5989532470703,75158300,0.0,0.0
2024-06-03 00:00:00-04:00,191.24336235629542,193.31542486412093,190.86663609575578,192.36366271972656,50080500,0.0,0.0
2024-06-04 00:00:00-04:00,192.96841099700254,193.64257895328527,191.37223723797064,192.680908203125,47471400,0.0,0.0
2024-06-05 00:00:00-04:00,193.72190135445058,195.20901937445223,193.19645419760306,194.1878662109375,54156800,0.0,0.0
2024-06-06 00:00:00-04:00,194.0094143560484,194.8124556459051,192.5024638984892,192.80979919433594,41181800,0.0,0.0
2024-06-07 00:00:00-04:00,192.9783133981505,195.2486550396786,192.4726987931798,195.19908142089844,53103900,0.0,0.0
2024-06-10 00:00:00-04:00,195.20899197297106,195.60556579928584,190.49978557066368,191.46145629882812,97010200,0.0,0.0
2024-06-11 00:00:00-04:00,191.98691085726122,205.38089548057218,191.96709351098235,205.3709716796875,172373300,0.0,0.0
2024-06-12 00:00:00-04:00,205.58909768640683,218.3089152196564,205.1231328450552,211.2401580810547,198134300,0.0,0.0
2024-06-13 00:00:00-04:00,212.8957913864929,214.88852380834695,209.782758705521,212.40008544921875,97862700,0.0,0.0
2024-06-14 00:00:00-04:00,212.01345147179217,213.32210737882852,209.4853479747781,210.66513061523438,70122700,0.0,0.0
2024-06-17 00:00:00-04:00,211.5375569916551,217.06963733267014,210.8931452933454,214.80921936035156,93728300,0.0,0.0
2024-06-18 00:00:00-04:00,215.72132373307375,216.75240063817128,211.1707464886947,212.4496612548828,79943300,0.0,0.0
2024-06-20 00:00:00-04:00,212.0927425591543,212.4000929584359,207.05638337080816,207.87924194335938,86172500,0.0,0.0
2024-06-21 00:00:00-04:00,208.58315742215362,210.07027533194446,205.33132746963062,205.70806884765625,241805100,0.0,0.0
2024-06-24 00:00:00-04:00,205.93608683303725,210.87331399723786,204.8157865138524,206.35247802734375,80727000,0.0,0.0
2024-06-25 00:00:00-04:00,207.35378999494392,209.56464939365068,206.8184342324815,207.2744903564453,55549700,0.0,0.0
2024-06-26 00:00:00-04:00,209.68362348048936,213.01476817493463,208.8310086144187,211.41859436035156,66213200,0.0,0.0
2024-06-27 00:00:00-04:00,212.84622088780682,213.88720639689362,210.52632069800987,212.26129150390625,49772700,0.0,0.0
2024-06-28 00:00:00-04:00,213.91695291908772,214.21437951883613,208.4939285392998,208.81117248535156,82542700,0.0,0.0
2024-07-01 00:00:00-04:00,210.26855134899324,215.64200216221636,210.10001313722785,214.88853454589844,60402900,0.0,0.0
2024-07-02 00:00:00-04:00,214.2936836981781,218.4873670751859,213.25271326862932,218.37831115722656,58046200,0.0,0.0
2024-07-03 00:00:00-04:00,218.11061688690268,219.64730834960938,217.14894613859082,219.64730834960938,37369800,0.0,0.0
2024-07-05 00:00:00-04:00,219.7464397478406,224.5052198536283,219.7464397478406,224.3961639404297,60412400,0.0,0.0
2024-07-08 00:00:00-04:00,225.13973799267995,225.89322076278884,221.3327197032473,225.8634796142578,59085900,0.0,0.0
2024-07-09 00:00:00-04:00,225.9725055332989,227.42988222637766,224.4259054004998,226.716064453125,48076100,0.0,0.0
2024-07-10 00:00:00-04:00,227.3307677065015,231.0783037422216,227.28119408246098,230.97915649414062,62627700,0.0,0.0
2024-07-11 00:00:00-04:00,229.40281699319425,230.39422897123262,223.83108651749725,225.61563110351562,64710600,0.0,0.0
2024-07-12 00:00:00-04:00,226.9540218514806,230.64207551688347,226.71607753741577,228.5601043701172,53046500,0.0,0.0
2024-07-15 00:00:00-04:00,234.44907084333448,235.1926297333435,231.0881852656036,232.38693237304688,62631300,0.0,0.0
2024-07-16 00:00:00-04:00,232.9818374149499,234.24093498483407,230.33476899241614,232.8033905029297,43234300,0.0,0.0
2024-07-17 00:00:00-04:00,227.47944931340314,229.47219684306242,224.6935843942369,226.9143524169922,57345900,0.0,0.0
2024-07-18 00:00:00-04:00,228.3023493485251,228.46097889584826,220.36114484151935,222.25473022460938,66034600,0.0,0.0
2024-07-19 00:00:00-04:00,222.88925101284036,224.85224251867803,221.36246807560826,222.3836212158203,49151500,0.0,0.0
2024-07-22 00:00:00-04:00,225.06041535891617,225.82380677595344,221.174082433242,222.03662109375,48201800,0.0,0.0
2024-07-23 00:00:00-04:00,222.44308791792702,224.9910238167192,220.76759935066607,223.0775909423828,39960300,0.0,0.0
2024-07-24 00:00:00-04:00,222.07627816799848,222.86941075843336,215.26528287042115,216.6631622314453,61777600,0.0,0.0
2024-07-25 00:00:00-04:00,217.04981289629316,218.95333716975932,212.77682977395946,215.6221923828125,51391200,0.0,0.0
2024-07-26 00:00:00-04:00,216.82180047841348,217.60502442671483,214.15489978899527,216.08816528320312,41601300,0.0,0.0
2024-07-29 00:00:00-04:00,215.09674706599597,217.41664743865044,213.8971319294418,216.36575317382812,36311800,0.0,0.0
2024-07-30 00:00:00-04:00,217.30760956688079,218.4378186982869,214.26396731336547,216.92095947265625,41643800,0.0,0.0
2024-07-31 00:00:00-04:00,219.53827220377053,221.89783756706774,218.73523091700034,220.1727752685547,50036300,0.0,0.0
2024-08-01 00:00:00-04:00,222.44309097566543,222.55214689360594,215.15622233135366,216.48471069335938,62501000,0.0,0.0
2024-08-02 00:00:00-04:00,217.2679231335739,223.66254232334134,215.84030263063204,217.97183227539062,105568600,0.0,0.0
2024-08-05 00:00:00-04:00,197.38019703112641,211.66644653820467,194.31673780556494,207.4727783203125,119548600,0.0,0.0
2024-08-06 00:00:00-04:00,203.53685401433648,208.18657796978488,199.3431861620261,205.4502716064453,69660500,0.0,0.0
2024-08-07 00:00:00-04:00,205.12314519344287,211.8052677945223,204.61753049861642,208.01808166503906,63516400,0.0,0.0
2024-08-08 00:00:00-04:00,211.27980900719393,212.36044444161047,207.0365669160157,211.47808837890625,47161100,0.0,0.0
2024-08-09 00:00:00-04:00,210.2784595957283,214.9182597959333,210.1495712142523,214.38290405273438,42201600,0.0,0.0
2024-08-12 00:00:00-04:00,214.46232494953352,217.8767166928247,213.99582080224636,215.9114532470703,38028100,0.25,0.0
2024-08-13 00:00:00-04:00,217.38044783379533,220.23902400333975,217.38044783379533,219.62364196777344,44155300,0.0,0.0
2024-08-14 00:00:00-04:00,218.92889021446933,221.37057848265573,218.06535301646923,220.07032775878906,41960600,0.0,0.0
2024-08-15 00:00:00-04:00,222.9288713384501,223.67329096872731,221.10255033510867,223.0479736328125,46414000,0.0,0.0
2024-08-16 00:00:00-04:00,222.25393109506462,225.1422830006272,221.98593577772976,224.3680877685547,44340200,0.0,0.0
2024-08-19 00:00:00-04:00,224.04051049270504,224.30850577318623,221.3804434072076,224.20924377441406,40687800,0.0,0.0
2024-08-20 00:00:00-04:00,224.0901616619868,225.47973889834265,223.7725353535306,224.82464599609375,30299000,0.0,0.0
2024-08-21 00:00:00-04:00,224.8345868015738,226.28371522001356,223.37552309496598,224.71546936035156,34765500,0.0,0.0
2024-08-22 00:00:00-04:00,226.0950979165247,226.64100861280963,222.2340424758978,222.85935974121094,43695300,0.0,0.0
2024-08-23 00:00:00-04:00,223.98096305377334,226.52191275369313,222.66085720360698,225.1521759033203,38677300,0.0,0.0
2024-08-26 00:00:00-04:00,225.07279660900764,225.58893181224732,222.22415556593285,225.4896697998047,30602200,0.0,0.0
2024-08-27 00:00:00-04:00,224.31843379232603,227.14723425887112,223.21669220638537,226.3333282470703,35934600,0.0,0.0
2024-08-28 00:00:00-04:00,226.22414704916858,228.14971479709,224.0008084384826,224.80479431152344,38052200,0.0,0.0
2024-08-29 00:00:00-04:00,228.38793686624163,231.18694665641485,227.17701311839377,228.08023071289062,51906300,0.0,0.0
2024-08-30 00:00:00-04:00,228.4772755570311,228.68570457235603,225.78743262658827,227.29612731933594,52990800,0.0,0.0
2024-09-03 00:00:00-04:00,226.84949624301046,227.29614502733148,219.52440165721936,221.1125030517578,50190600,0.0,0.0
2024-09-04 00:00:00-04:00,220.01072730838987,220.1298295937355,215.86182100754215,219.20675659179688,43840200,0.0,0.0
2024-09-05 00:00:00-04:00,219.9809527371486,223.80229748015876,219.87177059333374,220.72537231445312,36615400,0.0,0.0
2024-09-06 00:00:00-04:00,222.28368749781316,223.56409767944487,218.13479623481732,219.17698669433594,48423000,0.0,0.0
2024-09-09 00:00:00-04:00,219.17701543505086,219.6236642204836,215.09759492361837,219.26634216308594,67180000,0.0,0.0
2024-09-10 00:00:00-04:00,217.29114171411052,219.83209181891954,215.11743380788891,218.4722900390625,51591000,0.0,0.0
2024-09-11 00:00:00-04:00,219.81221238330573,221.43007391385896,216.2687680395375,221.00328063964844,44587100,0.0,0.0
2024-09-12 00:00:00-04:00,220.84450772306226,221.88669831664953,218.18445530425632,221.1125030517578,37455600,0.0,0.0
2024-09-13 00:00:00-04:00,221.9164638014437,222.37303270856336,220.25889118684435,220.84449768066406,36766600,0.0,0.0
2024-09-16 00:00:00-04:00,214.9288136198369,215.6037619118882,212.32831274384958,214.71046447753906,59357400,0.0,0.0
2024-09-17 00:00:00-04:00,214.14470101422842,215.2861383219032,212.90400170360138,215.1769561767578,45519300,0.0,0.0
2024-09-18 00:00:00-04:00,215.93133719300198,221.05294820219595,215.92140190435074,219.0479736328125,59894900,0.0,0.0
2024-09-19 00:00:00-04:00,223.31596324984213,228.11002736409566,222.95864123060412,227.16708374023438,66781300,0.0,0.0
2024-09-20 00:00:00-04:00,228.25889437635817,231.35567496568984,225.9263736470506,226.50205993652344,318679900,0.0,0.0
2024-09-23 00:00:00-04:00,225.64847983003366,227.74278104335218,224.12986496132828,224.7849578857422,54146000,0.0,0.0
2024-09-24 00:00:00-04:00,226.94872814757065,227.64353192764617,224.05045616714196,225.67825317382812,43556100,0.0,0.0
2024-09-25 00:00:00-04:00,223.25638097071698,225.59882178569194,222.35316341740713,224.6856689453125,42308700,0.0,0.0
2024-09-26 00:00:00-04:00,225.60876888531146,226.7998372114188,223.73283210674714,225.82713317871094,36636700,0.0,0.0
2024-09-27 00:00:00-04:00,226.7601514881057,227.81226214161182,225.6087788258606,226.09512329101562,34026000,0.0,0.0
2024-09-30 00:00:00-04:00,228.32835965023514,231.26634216308594,227.94126208675945,231.26634216308594,54541900,0.0,0.0
2024-10-01 00:00:00-04:00,227.81227091446172,227.94129335648356,222.0752779583648,224.5269012451172,63285000,0.0,0.0
2024-10-02 00:00:00-04:00,224.2092739820147,225.67825786117984,221.36063294746157,225.0926513671875,32880600,0.0,0.0
2024-10-03 00:00:00-04:00,223.46483520314058,225.12240767637772,221.65838486968212,223.9908905029297,34044200,0.0,0.0
2024-10-04 00:00:00-04:00,226.20427877531475,226.3035407723517,222.46234078203926,225.1124725341797,37245100,0.0,0.0
2024-10-07 00:00:00-04:00,222.8296172342201,224.01076551273388,219.68320530273118,220.04052734375,39505400,0.0,0.0
2024-10-08 00:00:00-04:00,222.6311156567822,224.29860847272343,221.58892507419034,224.09017944335938,31855700,0.0,0.0
2024-10-09 00:00:00-04:00,223.554178398676,228.04055170887608,223.1571606453159,227.8321075439453,33591100,0.0,0.0
2024-10-10 00:00:00-04:00,226.0851959438118,227.7923994519787,225.47973405841245,227.3358154296875,28183500,0.0,0.0
2024-10-11 00:00:00-04:00,227.59388209213523,227.7030642360917,225.64845893034402,225.85690307617188,31759200,0.0,0.0
2024-10-14 00:00:00-04:00,226.99834931201846,230.0058033150611,226.89910245149323,229.57901000976562,39882100,0.0,0.0
2024-10-15 00:00:00-04:00,231.87182665313995,235.7229623804217,230.6410474142004,232.11004638671875,64751400,0.0,0.0
2024-10-16 00:00:00-04:00,229.87678174389526,230.3929017691756,228.12986736523644,230.05543518066406,34082200,0.0,0.0
2024-10-17 00:00:00-04:00,231.69315867439417,232.11004699556463,228.8048220166126,230.4226837158203,32993800,0.0,0.0
2024-10-18 00:00:00-04:00,234.4226930307779,234.4226930307779,232.26884075534687,233.25148010253906,46431500,0.0,0.0
2024-10-21 00:00:00-04:00,232.7055796017645,235.08773156933626,232.7055796017645,234.72047424316406,36254500,0.0,0.0
2024-10-22 00:00:00-04:00,232.14972869721714,234.46239402859047,230.8693336731526,234.10507202148438,38846600,0.0,0.0
2024-10-23 00:00:00-04:00,232.33831918874512,233.3904297884605,226.06533615950997,229.0430145263672,52287000,0.0,0.0
2024-10-24 00:00:00-04:00,228.26884002769643,229.10260155629064,226.710529416834,228.85446166992188,31109500,0.0,0.0
2024-10-25 00:00:00-04:00,228.03062932515897,231.484732210271,227.86189602437614,229.68820190429688,38802300,0.0,0.0
2024-10-28 00:00:00-04:00,231.58396917060392,232.983466430484,230.8196941830456,231.66336059570312,36087100,0.0,0.0
2024-10-29 00:00:00-04:00,231.36563017470797,232.5864741436605,230.59143496071306,231.93138122558594,35417200,0.0,0.0
2024-10-30 00:00:00-04:00,230.87925826342104,231.7328600109945,227.8420287171323,228.387939453125,47070900,0.0,0.0
2024-10-31 00:00:00-04:00,227.63358238786932,228.11994197442104,223.693120129287,224.22911071777344,64370100,0.0,0.0
2024-11-01 00:00:00-04:00,219.32586653780092,223.67328184782377,218.6310779402587,221.25143432617188,65276700,0.0,0.0
2024-11-04 00:00:00-05:00,219.34572401852256,221.13231895883285,218.0752491010658,220.35812377929688,44944500,0.0,0.0
2024-11-05 00:00:00-05:00,220.14968230766976,222.28367900181775,219.49458945583885,221.7873992919922,28111300,0.0,0.0
2024-11-06 00:00:00-05:00,220.95366880237512,224.387931303672,219.54423614319148,221.06285095214844,54561100,0.0,0.0
2024-11-07 00:00:00-05:00,222.95862926675593,226.18444740932767,222.8990781242877,225.78741455078125,42137700,0.0,0.0
2024-11-08 00:00:00-05:00,225.72780810336752,227.20835428792034,224.9726384261151,225.51914978027344,38328800,0.25,0.0
2024-11-11 00:00:00-05:00,223.57158868270503,224.26714170400084,220.0938084143074,222.8064727783203,42005600,0.0,0.0
2024-11-12 00:00:00-05:00,223.12444853772337,224.15783943194586,221.9420008205612,222.8064727783203,40398300,0.0,0.0
2024-11-13 00:00:00-05:00,222.5878574334345,225.21109667354565,221.3457931121334,223.69081115722656,48566200,0.0,0.0
2024-11-14 00:00:00-05:00,223.59146688403666,227.41701609796436,223.57158960851197,226.77114868164062,44923900,0.0,0.0
2024-11-15 00:00:00-05:00,224.96268496170848,225.4793879673537,222.84621765747355,223.5715789794922,47923700,0.0,0.0
2024-11-18 00:00:00-05:00,223.81998425203597,228.28148462394066,223.7404903183321,226.57240295410156,44633700,0.0,0.0
2024-11-19 00:00:00-05:00,225.53901477922054,228.6988344551977,225.22105418122663,226.8307647705078,36211800,0.0,0.0
2024-11-20 00:00:00-05:00,226.61215353970658,228.47027695087482,224.45593165289552,227.5461883544922,35169600,0.0,0.0
2024-11-21 00:00:00-05:00,227.42695953023323,228.69883223369175,224.2770861035494,227.06924438476562,42108300,0.0,0.0
2024-11-22 00:00:00-05:00,226.6121530455377,229.25526960886552,226.6121530455377,228.41065979003906,38168300,0.0,0.0
2024-11-25 00:00:00-05:00,229.99057974831032,231.7692092379923,228.28149797848934,231.39161682128906,90152800,0.0,0.0
2024-11-26 00:00:00-05:00,231.84870566104107,234.07449047305911,231.84870566104107,233.56771850585938,45986200,0.0,0.0
2024-11-27 00:00:00-05:00,232.98145117337265,234.19370712659864,232.32563759305353,233.4385223388672,33498400,0.0,0.0
2024-11-29 00:00:00-05:00,233.31931239062584,236.3002669685808,232.48464874765904,235.8233184814453,28481400,0.0,0.0
2024-12-02 00:00:00-05:00,235.76370602927642,239.26134854667043,235.65440375298792,238.0689697265625,48137100,0.0,0.0
2024-12-03 00:00:00-05:00,238.28756099978403,241.21882985808793,237.3833345065081,241.10952758789062,38861000,0.0,0.0
2024-12-04 00:00:00-05:00,241.32814402991647,242.56027739454964,239.7184333911867,241.46725463867188,44383900,0.0,0.0
2024-12-05 00:00:00-05:00,242.44105143123323,242.98754766386446,240.59285890906452,241.4970703125,40033900,0.0,0.0
2024-12-06 00:00:00-05:00,241.36788746709487,243.0769692456264,240.5431549096241,241.29832458496094,36870600,0.0,0.0
2024-12-09 00:00:00-05:00,240.29473874492055,245.67039687977774,240.21524480725012,245.18350219726562,44649200,0.0,0.0
2024-12-10 00:00:00-05:00,245.32260336553807,246.63423054379348,243.78244060146582,246.197021484375,36914800,0.0,0.0
2024-12-11 00:00:00-05:00,246.3858398593606,249.20780656351602,244.69662013013263,244.9251708984375,45205800,0.0,0.0
2024-12-12 00:00:00-05:00,245.32261935264157,247.1608807008323,244.12029436088807,246.38583374023438,32777500,0.0,0.0
2024-12-13 00:00:00-05:00,246.24671899982582,247.70737273801882,244.67674782957272,246.55474853515625,33155300,0.0,0.0
2024-12-16 00:00:00-05:00,246.4156487620838,249.7841268474892,246.07779571830554,249.44627380371094,51694800,0.0,0.0
2024-12-17 00:00:00-05:00,248.49236434269267,252.21855739876366,248.19426586582333,251.8707733154297,51356400,0.0,0.0
2024-12-18 00:00:00-05:00,250.55917390522964,252.6657103008961,246.1672359539693,246.4752655029297,56774100,0.0,0.0
2024-12-19 00:00:00-05:00,245.92875304737495,250.4001849209636,245.52135228225407,248.20420837402344,60882300,0.0,0.0
2024-12-20 00:00:00-05:00,246.46531011815415,253.38113119374523,244.13023820234332,252.87437438964844,147495300,0.0,0.0
2024-12-23 00:00:00-05:00,253.15260355822258,254.02700659111463,251.84097626600598,253.64942932128906,40858800,0.0,0.0
2024-12-24 00:00:00-05:00,253.868019379837,256.5707374276886,253.66927695641888,256.5608215332031,23234700,0.0,0.0
2024-12-26 00:00:00-05:00,256.55086249805703,258.44874034869076,255.99442012888886,257.3755798339844,27237100,0.0,0.0
2024-12-27 00:00:00-05:00,256.19316170058187,257.05766400729357,251.45345479939442,253.96739196777344,42355300,0.0,0.0
2024-12-30 00:00:00-05:00,250.6287158030117,251.890657464443,249.15811581542044,250.59890747070312,35557500,0.0,0.0
2024-12-31 00:00:00-05:00,250.83738041728796,251.6720440162376,247.84647977817443,248.8302001953125,39480700,0.0,0.0
2025-01-02 00:00:00-05:00,247.34967754084445,247.51861164989126,240.2848294479123,242.30194091796875,55740700,0.0,0.0
2025-01-03 00:00:00-05:00,241.8150177001953,242.6298040057451,240.3543488544026,241.8150177001953,40244100,0.0,0.0
2025-01-06 00:00:00-05:00,242.75898865424097,245.75982034447205,241.65603491404494,243.44461059570312,45045600,0.0,0.0
2025-01-07 00:00:00-05:00,241.4374487975533,243.9911405526811,239.81780708502322,240.67234802246094,40856000,0.0,0.0
2025-01-08 00:00:00-05:00,240.3841632667122,242.16280789951685,238.52603985831155,241.15921020507812,37628900,0.0,0.0
2025-01-10 00:00:00-05:00,238.48628640867517,238.63534322792128,231.52079498772144,235.3463592529297,61710900,0.0,0.0
2025-01-13 00:00:00-05:00,232.04743903723335,233.18020116738663,228.26162915914,232.9119110107422,49630700,0.0,0.0
2025-01-14 00:00:00-05:00,233.25971079858908,234.62100862534365,230.99418638589506,231.79904174804688,39435300,0.0,0.0
2025-01-15 00:00:00-05:00,233.1503884256181,237.4429702030776,232.94171493841435,236.35987854003906,39832000,0.0,0.0
2025-01-16 00:00:00-05:00,235.84318609247865,236.49898454969573,226.58234697208553,226.81088256835938,71759100,0.0,0.0
2025-01-17 00:00:00-05:00,230.64637201374376,230.81529094249188,227.0294813062853,228.51995849609375,68488300,0.0,0.0
2025-01-21 00:00:00-05:00,222.57792910461188,222.99526090225285,217.98726416864307,221.2265625,98070400,0.0,0.0
2025-01-22 00:00:00-05:00,218.39466636780546,222.6971793763667,218.39466636780546,222.40902709960938,64126500,0.0,0.0
2025-01-23 00:00:00-05:00,223.3132424800993,225.58869773276695,220.88873040600683,222.24009704589844,60234800,0.0,0.0
2025-01-24 00:00:00-05:00,223.35297985225768,224.19758968028435,220.00437919561992,221.3656768798828,54697900,0.0,0.0
2025-01-27 00:00:00-05:00,222.59782027357136,230.67619691244207,222.55806572164707,228.40074157714844,94863400,0.0,0.0
2025-01-28 00:00:00-05:00,229.38444497187513,238.66514594376807,229.3446904229109,236.7473907470703,75707600,0.0,0.0
2025-01-29 00:00:00-05:00,232.6336842670617,238.33724933385383,232.52438199561368,237.84042358398438,45486100,0.0,0.0
2025-01-30 00:00:00-05:00,237.1548105184623,239.26134692510684,235.7040877651042,236.0816650390625,55658300,0.0,0.0
2025-01-31 00:00:00-05:00,245.62071750771995,245.62071750771995,231.95800933839706,234.5017547607422,100959800,0.0,0.0
2025-02-03 00:00:00-05:00,228.52991033796462,230.35822543026035,224.2671369795404,226.56246948242188,73063300,0.0,0.0
2025-02-04 00:00:00-05:00,225.80731341689966,231.64998934854387,225.21111642561868,231.32208251953125,45067300,0.0,0.0
2025-02-05 00:00:00-05:00,227.0791817096477,231.19289841511937,226.82083777153602,230.99417114257812,39620300,0.0,0.0
2025-02-06 00:00:00-05:00,229.8216550685821,232.31573010563136,228.96711414866223,231.73941040039062,29925300,0.0,0.0
2025-02-07 00:00:00-05:00,231.1233398047693,232.51444580894437,225.81722939017394,226.1848907470703,39707200,0.0,0.0
2025-02-10 00:00:00-05:00,228.36338248973718,229.378010419489,226.00582893863492,226.45346069335938,33115600,0.25,0.0
2025-02-11 00:00:00-05:00,227.00055734532324,233.99360582200345,226.93093316445223,231.39732360839844,53718400,0.0,0.0
2025-02-12 00:00:00-05:00,229.98481838871234,235.71455375787428,229.4675472393098,235.62501525878906,45243300,0.0,0.0
2025-02-13 00:00:00-05:00,235.66480095549997,241.06625350434595,234.33184765944378,240.26051330566406,53614100,0.0,0.0
2025-02-14 00:00:00-05:00,239.981993568851,244.25939586817944,239.72336558929686,243.31439208984375,40896200,0.0,0.0
2025-02-18 00:00:00-05:00,242.86674847770814,243.8913336127375,240.56889220053384,243.18507385253906,48822500,0.0,0.0
2025-02-19 00:00:00-05:00,243.37405904734027,244.7169542759842,241.88194311867716,243.58294677734375,32204200,0.0,0.0
2025-02-20 00:00:00-05:00,243.6525813389452,245.4829065325138,243.00598867544505,244.53790283203125,32316900,0.0,0.0
2025-02-21 00:00:00-05:00,244.6572756706751,247.38287960480025,243.93111682470231,244.25938415527344,53197400,0.0,0.0
2025-02-24 00:00:00-05:00,243.64263125957103,247.551982922016,243.1353173033831,245.80123901367188,51326400,0.0,0.0
2025-02-25 00:00:00-05:00,246.69653816831402,248.68602637934882,243.62278252512698,245.7415771484375,48013300,0.0,0.0
2025-02-26 00:00:00-05:00,243.04579925662603,243.6923767743236,237.87313357927937,239.09666442871094,44433600,0.0,0.0
2025-02-27 00:00:00-05:00,238.15169082894494,241.18566339775504,235.8140361008641,236.0527801513672,41153600,0.0,0.0
2025-02-28 00:00:00-05:00,235.70458076540925,240.8175641664438,228.9900589647863,240.56887817382812,56833400,0.0,0.0
2025-03-03 00:00:00-05:00,240.51913191748446,242.7473638198223,234.8689935924468,236.77890014648438,47184000,0.0,0.0
2025-03-04 00:00:00-05:00,236.46059966619734,238.80819608105105,233.44651142335266,234.68994140625,53798100,0.0,0.0
2025-03-05 00:00:00-05:00,234.18263593082168,235.30670153327668,228.0251680036218,234.50096130371094,47227600,0.0,0.0
2025-03-06 00:00:00-05:00,233.207802772317,236.60982567864426,231.93453157387603,234.09312438964844,45170400,0.0,0.0
2025-03-07 00:00:00-05:00,233.8742532807345,240.10134501237943,233.5260868229449,237.81344604492188,46273600,0.0,0.0
2025-03-10 00:00:00-04:00,234.3019970725287,234.91874867921032,223.04150278970278,226.28436279296875,72071200,0.0,0.0
2025-03-11 00:00:00-04:00,222.63366659789358,224.65299583409444,216.3070937419303,219.6792755126953,76137400,0.0,0.0
2025-03-12 00:00:00-04:00,218.98294858814833,220.58448707211764,213.7804415985268,215.8395538330078,62547500,0.0,0.0
2025-03-13 00:00:00-04:00,214.81496040955514,215.70028194858565,207.3245394208188,208.57791137695312,61368300,0.0,0.0
2025-03-14 00:00:00-04:00,210.13965751241793,212.82546311709572,208.47843695256688,212.36788940429688,60107600,0.0,0.0
2025-03-17 00:00:00-04:00,212.18885305172668,214.08881784956162,208.86641153353526,212.87522888183594,48073400,0.0,0.0
2025-03-18 00:00:00-04:00,213.0343879953175,214.019174884069,210.3784232206469,211.57211303710938,42432400,0.0,0.0
2025-03-19 00:00:00-04:00,213.0940604852241,217.6101915579757,212.6265295918345,214.10870361328125,54385400,0.0,0.0
2025-03-20 00:00:00-04:00,212.86527847830126,216.3468825511506,211.10457731145533,212.97470092773438,48862900,0.0,0.0
2025-03-21 00:00:00-04:00,210.4480334492585,217.68976839110027,210.16950634984832,217.12277221679688,94127800,0.0,0.0
2025-03-24 00:00:00-04:00,219.83843988574125,220.31591279023903,217.43116105321957,219.56985473632812,44299500,0.0,0.0
2025-03-25 00:00:00-04:00,219.6096416779903,222.92214108802088,218.92326587520165,222.573974609375,34493600,0.0,0.0
2025-03-26 00:00:00-04:00,222.3352199198642,223.83729303324841,219.31120492080973,220.36563110351562,34466100,0.0,0.0
2025-03-27 00:00:00-04:00,220.22636977863218,223.80745418869535,219.40073045135125,222.67344665527344,37094800,0.0,0.0
2025-03-28 00:00:00-04:00,220.504904155295,222.6336557419088,216.5358700680628,216.7547149658203,39818600,0.0,0.0
2025-03-31 00:00:00-04:00,215.86939419548492,224.43414081005062,215.09349507460487,220.96249389648438,65299300,0.0,0.0
2025-04-01 00:00:00-04:00,218.65468232589998,222.50433685640354,217.749461617725,222.0169219970703,36412700,0.0,0.0
2025-04-02 00:00:00-04:00,220.15675729790527,224.00641185945875,219.8583310514353,222.71324157714844,35905900,0.0,0.0
2025-04-03 00:00:00-04:00,204.4596791341039,206.39944211542388,200.19223396809613,202.12203979492188,103419000,0.0,0.0
2025-04-04 00:00:00-04:00,192.87092693410324,198.82944937179326,186.35535024633944,187.389892578125,125910900,0.0,0.0
2025-04-07 00:00:00-04:00,176.26863687444822,193.12954493623218,173.70219548773406,180.50625610351562,160466300,0.0,0.0
2025-04-08 00:00:00-04:00,185.71870692843436,189.33957458197378,168.32064359895526,171.51376342773438,120859500,0.0,0.0
2025-04-09 00:00:00-04:00,171.04623198001363,199.55559936553783,170.98654976711688,197.8048553466797,184395900,0.0,0.0
2025-04-10 00:00:00-04:00,188.0762635840202,193.7562435722064,182.0381599544528,189.41915893554688,121880000,0.0,0.0
2025-04-11 00:00:00-04:00,185.12188160037283,198.49122944739574,185.0820833366806,197.10853576660156,87435900,0.0,0.0
2025-04-14 00:00:00-04:00,210.32866545443895,211.82078139531484,200.10269875392328,201.45555114746094,101352900,0.0,0.0
2025-04-15 00:00:00-04:00,200.7990180691496,202.44033954558066,198.74984792281177,201.07754516601562,51343900,0.0,0.0
2025-04-16 00:00:00-04:00,197.31743142832593,199.64512887500646,191.35890907242805,193.24893188476562,59732400,0.0,0.0
2025-04-17 00:00:00-04:00,196.16350125239885,197.78493872612725,193.39811432307044,195.9446563720703,52164700,0.0,0.0
2025-04-21 00:00:00-04:00,192.2541978495612,192.78141101209272,188.81237656005126,192.144775390625,46742500,0.0,0.0
2025-04-22 00:00:00-04:00,195.08918671811182,200.53043756485187,194.93998119085117,198.69017028808594,52976400,0.0,0.0
2025-04-23 00:00:00-04:00,204.9172785719325,206.9067667134076,201.7341005812904,203.52464294433594,52929200,0.0,0.0
2025-04-24 00:00:00-04:00,203.81309077731203,207.73238443559362,201.87334307751462,207.27479553222656,47311000,0.0,0.0
2025-04-25 00:00:00-04:00,205.2852994626612,208.64753879478604,205.11619481641537,208.1800079345703,38222300,0.0,0.0
2025-04-28 00:00:00-04:00,208.89624364686077,210.38835967290976,206.3696005213303,209.03550720214844,38743100,0.0,0.0
2025-04-29 00:00:00-04:00,207.59314001435672,211.12448445804597,207.27481462988695,210.0998992919922,36827600,0.0,0.0
2025-04-30 00:00:00-04:00,208.19992461631293,212.4574277707069,205.5837430092506,211.3831024169922,52286500,0.0,0.0
2025-05-01 00:00:00-04:00,207.98108655162656,213.43227966302132,207.80202473083082,212.1988067626953,57365700,0.0,0.0
2025-05-02 00:00:00-04:00,205.00677646592024,205.90205512568554,201.09744003856807,204.2706756591797,101010600,0.0,0.0
2025-05-05 00:00:00-04:00,202.03251395918386,203.02725796650907,197.1682163705072,197.84463500976562,69018500,0.0,0.0
2025-05-06 00:00:00-04:00,197.1682179665783,199.59538061408486,195.98447015970467,197.4666290283203,51216500,0.0,0.0
2025-05-07 00:00:00-04:00,198.12317194216024,198.3917570874617,192.23428894820486,195.21852111816406,68536700,0.0,0.0
2025-05-08 00:00:00-04:00,196.68078271707188,198.99853803284546,193.65675249053749,196.45199584960938,50478900,0.0,0.0
2025-05-09 00:00:00-04:00,197.95405738682032,199.48595647897335,196.50172445806652,197.4865264892578,36453900,0.0,0.0
2025-05-12 00:00:00-04:00,210.13632786154514,210.43514541512562,205.9330024837247,209.95703125,63775800,0.26,0.0
2025-05-13 00:00:00-04:00,209.59845628513955,212.55672123163643,208.17411437678524,212.0885772705078,51909300,0.0,0.0
2025-05-14 00:00:00-04:00,211.5905625216416,213.09460539099953,209.7478820292828,211.490966796875,49325800,0.0,0.0
2025-05-15 00:00:00-04:00,210.11641669484823,212.11848379882832,208.71198473801002,210.61444091796875,45029500,0.0,0.0
2025-05-16 00:00:00-04:00,211.52086084946143,211.73003772257164,208.94109887256835,210.42520141601562,54737900,0.0,0.0
2025-05-19 00:00:00-04:00,207.0884445111699,208.65223273202483,203.45285841572866,207.9550018310547,46140500,0.0,0.0
2025-05-20 00:00:00-04:00,206.84938410987283,207.64622592622177,204.2198167548668,206.04258728027344,42496600,0.0,0.0
2025-05-21 00:00:00-04:00,204.3592586621154,206.22186440009241,199.91689108628387,201.2914276123047,59211800,0.0,0.0
2025-05-22 00:00:00-04:00,199.91689038506837,201.94882252859867,198.91087172706415,200.56431579589844,46742400,0.0,0.0
2025-05-23 00:00:00-04:00,192.90468385583864,196.91875752656549,192.69552221161257,194.4983673095703,78432900,0.0,0.0
2025-05-27 00:00:00-04:00,197.51639769762102,199.94675818770216,196.64982526808055,199.41885375976562,56288500,0.0,0.0
2025-05-28 00:00:00-04:00,199.79736291846774,201.9289060786693,199.11008702875665,199.62803649902344,45339700,0.0,0.0
2025-05-29 00:00:00-04:00,202.77554227533128,203.0046291598645,197.72556941325453,199.15988159179688,51396800,0.0,0.0
2025-05-30 00:00:00-04:00,198.5821728136608,201.1619498266407,196.00241099917397,200.05633544921875,70819900,0.0,0.0
2025-06-02 00:00:00-04:00,199.4885975362889,201.3312933884623,199.3292261245183,200.90298461914062,35423300,0.0,0.0
2025-06-03 00:00:00-04:00,200.55435521702816,202.9647905668523,200.16589694161215,202.46676635742188,46381600,0.0,0.0
2025-06-04 00:00:00-04:00,202.10821066626008,205.42505409163678,201.30141378953226,202.01856994628906,43604000,0.0,0.0
2025-06-05 00:00:00-04:00,202.69585814733983,203.94091870107042,199.35908978394463,199.8372039794922,55126100,0.0,0.0
2025-06-06 00:00:00-04:00,202.19783403313102,204.8871617909174,201.2515910514923,203.11419677734375,46607700,0.0,0.0
2025-06-09 00:00:00-04:00,203.58233063284266,205.18596915505242,199.22960401477,200.65394592285156,72862600,0.0,0.0
2025-06-10 00:00:00-04:00,199.8073282051838,203.54250994980842,199.77744796710627,201.869140625,54672600,0.0,0.0
2025-06-11 00:00:00-04:00,202.6958722895077,203.69192080198684,197.62598900862739,197.99452209472656,60989900,0.0,0.0
2025-06-12 00:00:00-04:00,198.29332085025015,198.8909407818671,196.58011635566137,198.412841796875,43904600,0.0,0.0
2025-06-13 00:00:00-04:00,198.94075911963023,199.57822954037988,194.92668495173118,195.67372131347656,51447300,0.0,0.0
2025-06-16 00:00:00-04:00,196.52035592822918,197.90486262143017,195.78327462738756,197.63592529296875,43020700,0.0,0.0
2025-06-17 00:00:00-04:00,196.4207613301707,197.6060614779548,194.43863454049264,194.86692810058594,38856200,0.0,0.0
2025-06-18 00:00:00-04:00,195.16573699325735,196.7893008408277,194.2991796996429,195.80320739746094,45394700,0.0,0.0
2025-06-20 00:00:00-04:00,197.45666110928434,200.90298042554332,196.08210930882012,200.20574951171875,96813500,0.0,0.0
2025-06-23 00:00:00-04:00,200.83325703321927,201.50060768152076,198.17380945321412,200.70376586914062,55814300,0.0,0.0
2025-06-24 00:00:00-04:00,201.78945874554142,202.63610603642124,199.4089034764897,199.50851440429688,54064000,0.0,0.0
2025-06-25 00:00:00-04:00,200.65395335177794,202.8651820841085,199.82723133036671,200.76351928710938,39525700,0.0,0.0
2025-06-26 00:00:00-04:00,200.63404307360597,201.8392684520338,198.67184150130464,200.20574951171875,50799100,0.0,0.0
2025-06-27 00:00:00-04:00,201.09222774816857,202.41697405518968,199.20969672208463,200.28543090820312,73188600,0.0,0.0
2025-06-30 00:00:00-04:00,201.211736268348,206.57048164253425,198.4726031076903,204.3592529296875,91912800,0.0,0.0
2025-07-01 00:00:00-04:00,205.85332972802502,209.35942450018746,205.3254252695324,206.99879455566406,78788900,0.0,0.0
2025-07-02 00:00:00-04:00,208.08449026524102,212.49697770796604,207.31752868499885,211.6005401611328,67941800,0.0,0.0
2025-07-03 00:00:00-04:00,211.31168447150716,213.80180573654258,210.97303162710094,212.70616149902344,34955800,0.0,0.0
2025-07-07 00:00:00-04:00,211.8396001551979,215.37557557805084,207.9749420826709,209.12039184570312,50229000,0.0,0.0
2025-07-08 00:00:00-04:00,209.26978591644843,210.59451698338924,207.6262968509882,209.1801300048828,42848900,0.0,0.0
2025-07-09 00:00:00-04:00,208.70202548866368,210.49491569520316,206.40115605631001,210.3056640625,48749400,0.0,0.0
2025-07-10 00:00:00-04:00,209.67816220166208,212.63642743345136,209.2000631819418,211.57066345214844,44443600,0.0,0.0
2025-07-11 00:00:00-04:00,209.73794232575938,211.29177557167307,209.03074119537857,210.3256072998047,39765800,0.0,0.0
2025-07-14 00:00:00-04:00,209.10044482334126,210.07658325197187,206.71988962428105,207.79562377929688,38840100,0.0,0.0
2025-07-15 00:00:00-04:00,208.39327261019983,211.05272033528996,208.09445501444372,208.28370666503906,42296300,0.0,0.0
2025-07-16 00:00:00-04:00,209.4689902412225,211.5606828488181,207.8155461810567,209.3295440673828,47490500,0.0,0.0
2025-07-17 00:00:00-04:00,209.7379236663323,210.96305897069354,208.761785269157,209.19009399414062,48068100,0.0,0.0
2025-07-18 00:00:00-04:00,210.0367321724359,210.95309492429405,208.87135730762196,210.3455047607422,48974600,0.0,0.0
2025-07-21 00:00:00-04:00,211.2618775331451,214.92732845073886,210.7937335563828,211.64036560058594,51377400,0.0,0.0
2025-07-22 00:00:00-04:00,212.29776458434165,214.1006098348481,211.39135685335447,213.5527801513672,46404100,0.0,0.0
2025-07-23 00:00:00-04:00,214.15043456376964,214.29983576430007,211.5706725113145,213.3037872314453,46989300,0.0,0.0
2025-07-24 00:00:00-04:00,213.05475989741393,214.83769515517375,212.68622683006964,212.91531372070312,46022600,0.0,0.0
2025-07-25 00:00:00-04:00,213.85160291428238,214.38947759784276,212.5567368669443,213.03485107421875,40268800,0.0,0.0
2025-07-28 00:00:00-04:00,213.18425263148458,214.00101967144602,212.2180844005514,213.2041778564453,37858000,0.0,0.0
2025-07-29 00:00:00-04:00,213.33365491441555,213.96117031669576,209.9869466315705,210.43516540527344,51411700,0.0,0.0
2025-07-30 00:00:00-04:00,211.06265157316113,211.55072076453234,206.89917652304968,208.2239227294922,45512500,0.0,0.0
2025-07-31 00:00:00-04:00,207.66614913739534,209.01080544085684,206.3414028602417,206.74978637695312,80698400,0.0,0.0
2025-08-01 00:00:00-04:00,210.03674932642843,212.7360475386617,200.7037794341265,201.58030700683594,104434500,0.0,0.0
2025-08-04 00:00:00-04:00,203.70185234439666,207.05854577965718,200.88303355505576,202.54644775390625,75109300,0.0,0.0
2025-08-05 00:00:00-04:00,202.59624780213056,204.52858421879685,201.36115745633876,202.11814880371094,44155100,0.0,0.0
2025-08-06 00:00:00-04:00,204.81746371165528,214.5289368613384,204.77761325937152,212.4073486328125,108483100,0.0,0.0
2025-08-07 00:00:00-04:00,218.01508808955717,219.97730473834642,215.7241736307253,219.16053771972656,90224800,0.0,0.0
2025-08-08 00:00:00-04:00,219.95740294972967,230.08721487155407,218.38364441813084,228.44374084472656,113854000,0.0,0.0
2025-08-11 00:00:00-04:00,227.27701087414155,228.91238364576833,224.12592192869855,226.53909301757812,61806100,0.26,0.0
2025-08-12 00:00:00-04:00,227.36674823663387,230.14888579943394,226.429412881848,229.0021209716797,55626200,0.0,0.0
2025-08-13 00:00:00-04:00,230.4181341091737,234.33703985510917,229.77992501054072,232.6717529296875,69878500,0.0,0.0
2025-08-14 00:00:00-04:00,233.39969406647393,234.4567012802976,230.19875827485632,232.12330627441406,51916300,0.0,0.0
2025-08-15 00:00:00-04:00,233.33988101583648,233.61908991261305,228.6930233233153,230.93667602539062,56038700,0.0,0.0
2025-08-18 00:00:00-04:00,231.04634466466607,232.46233685580373,229.46083388892833,230.23863220214844,37476200,0.0,0.0
2025-08-19 00:00:00-04:00,230.6275464777077,232.21305735738468,228.70299840660482,229.90957641601562,39402600,0.0,0.0
2025-08-20 00:00:00-04:00,229.33119207499826,229.81981519856654,225.13307755654054,225.3723907470703,42263900,0.0,0.0
2025-08-21 00:00:00-04:00,225.63166356522294,225.88095827873425,223.14868274098328,224.26551818847656,30621200,0.0,0.0
2025-08-22 00:00:00-04:00,225.53195134940427,228.44371192910324,224.77410085849388,227.11746215820312,42477800,0.0,0.0
2025-08-25 00:00:00-04:00,225.84107546750252,228.65312729963858,225.59178073979155,226.5191650390625,30983100,0.0,0.0
2025-08-26 00:00:00-04:00,226.22996704217394,228.84258604761433,224.05612439304167,228.6630859375,54575100,0.0,0.0
2025-08-27 00:00:00-04:00,227.96506627689797,230.24859923631865,227.6160475796746,229.8397674560547,31259500,0.0,0.0
2025-08-28 00:00:00-04:00,230.16883391080088,232.7515235304584,228.692998228932,231.90391540527344,38074700,0.0,0.0
2025-08-29 00:00:00-04:00,231.85405874294378,232.7216147258446,230.71727541448905,231.485107421875,39418400,0.0,0.0
2025-09-02 00:00:00-04:00,228.60325464814514,230.19874691737337,226.3296880547272,229.07192993164062,44075600,0.0,0.0
2025-09-03 00:00:00-04:00,236.54080133953738,238.1761740423919,233.69883553511272,237.7972412109375,66427800,0.0,0.0
2025-09-04 00:00:00-04:00,237.77729643117493,239.2232027368954,236.0721290991865,239.10354614257812,47549400,0.0,0.0
2025-09-05 00:00:00-04:00,239.3229322237051,240.63921565449175,237.8171975861315,239.01380920410156,54870400,0.0,0.0
2025-09-08 00:00:00-04:00,238.62491556233425,239.47250850410185,235.6732593017711,237.20892333984375,48999500,0.0,0.0
2025-09-09 00:00:00-04:00,236.33140663047269,238.10638391026913,232.70167593051625,233.6888885498047,66313900,0.0,0.0
2025-09-10 00:00:00-04:00,231.53496736029473,231.76431424305812,225.31256565050364,226.1501922607422,83440800,0.0,0.0
2025-09-11 00:00:00-04:00,226.23995033725743,229.7998710451417,226.010588238333,229.3810577392578,50208600,0.0,0.0
2025-09-12 00:00:00-04:00,228.5733443098202,233.84841389514688,228.3739115767776,233.40966796875,55824200,0.0,0.0
2025-09-15 00:00:00-04:00,236.33139853346725,237.5180438551372,234.36695488957946,236.03224182128906,42699500,0.0,0.0
2025-09-16 00:00:00-04:00,236.51088466190768,240.53949594661788,235.65332541334,237.4781494140625,63421100,0.0,0.0
2025-09-17 00:00:00-04:00,238.2958480596019,239.42266510979977,237.05934071942244,238.3157958984375,46508000,0.0,0.0
2025-09-18 00:00:00-04:00,239.29302360434258,240.51954939992544,235.98238232851827,237.20892333984375,44249600,0.0,0.0
2025-09-19 00:00:00-04:00,240.54944568604057,245.60514967420656,239.53233423145286,244.80740356445312,163741300,0.0,0.0
2025-09-22 00:00:00-04:00,247.5995237986898,255.9160073848096,247.42002368458668,255.35755920410156,105517400,0.0,0.0
2025-09-23 00:00:00-04:00,255.15815615601056,256.6140289111009,252.86464151383097,253.7122344970703,60275200,0.0,0.0
2025-09-24 00:00:00-04:00,254.49999981420794,255.01853710208397,250.33178410429736,251.59820556640625,42303700,0.0,0.0
2025-09-25 00:00:00-04:00,252.4956917858775,256.44452717224715,250.99992334214926,256.1453552246094,55202100,0.0,0.0
2025-09-26 00:00:00-04:00,253.38315498635407,256.87328100426123,253.06405044687503,254.73931884765625,46076300,0.0,0.0
2025-09-29 00:00:00-04:00,253.8418726304012,254.28063380560434,252.29624220529692,253.7122344970703,40127700,0.0,0.0
2025-09-30 00:00:00-04:00,254.1410137555297,255.1980209495745,252.39595068950493,253.9116668701172,37704300,0.0,0.0
2025-10-01 00:00:00-04:00,254.32049261064776,258.0599285933123,254.21080232618834,254.72933959960938,48713900,0.0,0.0
2025-10-02 00:00:00-04:00,255.85613542550084,257.45162766856953,253.43299812845933,256.40460205078125,42630200,0.0,0.0
2025-10-03 00:00:00-04:00,253.9515436206674,258.5086431914624,253.23357360959045,257.2920837402344,49155600,0.0,0.0
2025-10-06 00:00:00-04:00,257.2621712100349,258.3391414491699,254.33047806472084,255.96585083007812,44664100,0.0,0.0
2025-10-07 00:00:00-04:00,256.08552539236376,256.67385732493904,254.7094135633123,255.7564697265625,31955800,0.0,0.0
2025-10-08 00:00:00-04:00,255.7963062732735,257.7906639625656,255.3874592951906,257.33197021484375,36496900,0.0,0.0
2025-10-09 00:00:00-04:00,257.08267167133846,257.27213808351553,252.42584836214985,253.32330322265625,38322000,0.0,0.0
2025-10-10 00:00:00-04:00,254.2207817432353,255.6567217403356,243.3116425485481,244.57806396484375,61999100,0.0,0.0
2025-10-13 00:00:00-04:00,248.6764678182016,248.98559082884384,244.86723728717817,246.96131896972656,38142900,0.0,0.0
2025-10-14 00:00:00-04:00,245.90431694508948,248.14796941642882,244.00966795095763,247.07101440429688,35478000,0.0,0.0
2025-10-15 00:00:00-04:00,248.78616738422895,251.10959602979932,246.77186176083558,248.63658142089844,33893600,0.0,0.0
2025-10-16 00:00:00-04:00,247.54966879270205,248.33743345063007,244.43847540742667,246.75192260742188,39777000,0.0,0.0
2025-10-17 00:00:00-04:00,247.32031930793073,252.66519891282977,246.57243512001992,251.57826232910156,49147000,0.0,0.0
2025-10-20 00:00:00-04:00,255.16807648712648,263.6341297765207,254.90881548292631,261.5001525878906,90483000,0.0,0.0
2025-10-21 00:00:00-04:00,261.141213133835,264.5415968076956,261.0913359303388,262.0286865234375,46695900,0.0,0.0
2025-10-22 00:00:00-04:00,261.9090191460537,262.1084670888602,254.70938662410154,257.72088623046875,45015300,0.0,0.0
2025-10-23 00:00:00-04:00,259.20671755765045,259.88479198943105,257.2821693476752,258.84771728515625,32754900,0.0,0.0
2025-10-24 00:00:00-04:00,260.4531458541269,263.3848541030092,258.44880663072195,262.07855224609375,38253700,0.0,0.0
2025-10-27 00:00:00-04:00,264.13273028939324,268.3607587413759,263.9033682058253,268.0516357421875,44888200,0.0,0.0
2025-10-28 00:00:00-04:00,268.23110734142335,269.12859257872884,267.39348082722177,268.2410888671875,41534800,0.0,0.0
2025-10-29 00:00:00-04:00,268.5203194424725,270.6443152614699,266.35642794866993,268.93914794921875,51086700,0.0,0.0
2025-10-30 00:00:00-04:00,271.2226702585742,273.36662916750566,267.72259312931254,270.63433837890625,69886500,0.0,0.0
2025-10-31 00:00:00-04:00,276.2085578376442,276.53764389728985,268.4006608909581,269.60723876953125,86167100,0.0,0.0
2025-11-03 00:00:00-05:00,269.6571458353552,270.08592548154905,265.4988962118729,268.2909851074219,50194600,0.0,0.0
2025-11-04 00:00:00-05:00,267.5730004152706,270.72408938596277,266.86501191822913,269.2781982421875,49274800,0.0,0.0
2025-11-05 00:00:00-05:00,267.8521863717013,270.93349568379296,266.17693326929896,269.3778991699219,43683100,0.0,0.0
2025-11-06 00:00:00-05:00,267.1342708755924,272.6287059365568,267.1342708755924,269.0089416503906,51204000,0.0,0.0
2025-11-07 00:00:00-05:00,269.03885049148494,271.5218466038475,266.0173996929098,267.7126159667969,48227400,0.0,0.0
2025-11-10 00:00:00-05:00,268.46119877683986,273.2223721938244,266.9639805623884,268.9303283691406,41312400,0.26,0.0
2025-11-11 00:00:00-05:00,269.3096487524697,275.3983427074405,269.2996575494418,274.73956298828125,46208300,0.0,0.0
2025-11-12 00:00:00-05:00,274.49005224267427,275.2187095291286,271.19618380015726,272.962890625,48398000,0.0,0.0
2025-11-13 00:00:00-05:00,273.6016390736082,276.1868626363035,271.58539619817094,272.4438171386719,49602800,0.0,0.0
2025-11-14 00:00:00-05:00,270.5473523374902,275.4482508823214,269.10005949599775,271.90484619140625,47431300,0.0,0.0
2025-11-17 00:00:00-05:00,268.3214829895084,269.98836893107386,265.237217022597,266.9639892578125,45018300,0.0,0.0
2025-11-18 00:00:00-05:00,269.48928956232544,270.20795552947055,264.8279672087311,266.94403076171875,45677300,0.0,0.0
2025-11-19 00:00:00-05:00,265.0376012369211,271.70520656667077,265.0076580872151,268.0619812011719,40424500,0.0,0.0
2025-11-20 00:00:00-05:00,270.327749378444,274.91922505965954,265.42688147061517,265.7562561035156,45823600,0.0,0.0
2025-11-21 00:00:00-05:00,265.4568071090486,272.8230952896135,265.17732758833057,270.98651123046875,59030800,0.0,0.0
2025-11-24 00:00:00-05:00,270.397645153795,276.48633959077114,270.397645153795,275.4083557128906,65585800,0.0,0.0
2025-11-25 00:00:00-05:00,274.75950033189645,279.8600396675645,274.7395483878858,276.45635986328125,46914200,0.0,0.0
2025-11-26 00:00:00-05:00,276.4464065684995,279.0116481613461,276.11703191175064,277.0353088378906,33431400,0.0,0.0
2025-11-28 00:00:00-05:00,276.7458380127342,278.4826014787427,275.4781737009374,278.3328857421875,20135600,0.0,0.0
2025-12-01 00:00:00-05:00,277.4944549964911,282.89442609469603,275.62792768573877,282.57501220703125,46587700,0.0,0.0
2025-12-02 00:00:00-05:00,282.47518456741903,286.86701880065203,282.10587559562896,285.6592712402344,53669500,0.0,0.0
2025-12-03 00:00:00-05:00,285.6692634925469,288.0847586222564,282.77461708045536,283.623046875,43538700,0.0,0.0
2025-12-04 00:00:00-05:00,283.5731318378766,284.20196835267484,278.07334059490756,280.179443359375,43989100,0.0,0.0
2025-12-05 00:00:00-05:00,280.01974631085085,280.6186397013617,277.53434330937836,278.26300048828125,47265800,0.0,0.0
2025-12-08 00:00:00-05:00,277.6142094762677,279.15136205700173,275.6378704438954,277.3746643066406,38211800,0.0,0.0
2025-12-09 00:00:00-05:00,277.6441787437343,279.5107061083118,276.4064879695729,276.6659851074219,32193300,0.0,0.0
2025-12-10 00:00:00-05:00,277.23491184461454,279.2312028389952,275.92734368017386,278.26300048828125,33038300,0.0,0.0
2025-12-11 00:00:00-05:00,278.5824273392719,279.07150890817053,273.3022288840155,277.514404296875,33248000,0.0,0.0
2025-12-12 00:00:00-05:00,277.38461586894516,278.70217518025987,276.30663218031253,277.763916015625,39532900,0.0,0.0
2025-12-15 00:00:00-05:00,279.63046152672615,279.63046152672615,272.33402020742307,273.6016540527344,50409100,0.0,0.0
2025-12-16 00:00:00-05:00,272.3140798989353,274.9891026980292,271.2859911871425,274.1007385253906,37648600,0.0,0.0
2025-12-17 00:00:00-05:00,274.50001118897205,275.6478724530811,271.13626563598973,271.33587646484375,50138700,0.0,0.0
2025-12-18 00:00:00-05:00,273.1025913325419,273.12257373871984,266.4549687260805,271.68524169921875,51630700,0.0,0.0
2025-12-19 00:00:00-05:00,271.6453053723066,274.09077415448866,269.399477884542,273.1625061035156,144632000,0.0,0.0
2025-12-22 00:00:00-05:00,272.3539780142796,273.37210596231955,270.00836035897595,270.4674987792969,36571800,0.0,0.0
2025-12-23 00:00:00-05:00,270.3377490962612,271.99467443806464,269.06012395403746,271.85491943359375,29642000,0.0,0.0
2025-12-24 00:00:00-05:00,271.8349404799371,274.9192064044749,271.69521595033444,273.3022155761719,17910600,0.0,0.0
2025-12-26 00:00:00-05:00,273.65160578690546,274.8593534534055,272.35399820928086,272.89300537109375,21521800,0.0,0.0
2025-12-29 00:00:00-05:00,272.1843267483383,273.8512128461511,271.8449608988494,273.2523498535156,23715200,0.0,0.0
2025-12-30 00:00:00-05:00,272.30405905646904,273.57169281796894,271.77504318392386,272.57354736328125,22139600,0.0,0.0
2025-12-31 00:00:00-05:00,272.553621806917,273.17246717497864,271.24605357156486,271.3558349609375,27293600,0.0,0.0
2026-01-02 00:00:00-05:00,271.7551282774649,277.32476727085935,268.5011639041959,270.5074462890625,37838100,0.0,0.0
2026-01-05 00:00:00-05:00,270.1381413175191,271.00652312062255,265.64648609237463,266.764404296875,45647200,0.0,0.0
2026-01-06 00:00:00-05:00,266.5048844877732,267.05385240251036,261.63392891626114,261.87347412109375,52352100,0.0,0.0
2026-01-07 00:00:00-05:00,262.7119324450406,263.1910228349833,259.3282042611396,259.84722900390625,48309800,0.0,0.0
2026-01-08 00:00:00-05:00,256.5433578451618,258.80916773471864,255.22581364132833,258.55963134765625,50419300,0.0,0.0
2026-01-09 00:00:00-05:00,258.5995368285105,259.7274461787287,255.74485516422806,258.8890075683594,39997000,0.0,0.0
2026-01-12 00:00:00-05:00,258.679389570116,260.81540508500296,256.32375036738995,259.7673645019531,45263800,0.0,0.0
2026-01-13 00:00:00-05:00,258.24022168851656,261.3244878277737,257.9108470550362,260.5658874511719,45730800,0.0,0.0
2026-01-14 00:00:00-05:00,259.0087756526009,261.33447181199796,256.23393227813756,259.4779052734375,40019400,0.0,0.0
2026-01-15 00:00:00-05:00,260.16664839115424,260.55593980217856,256.57331808587395,257.7311706542969,39388600,0.0,0.0
2026-01-16 00:00:00-05:00,257.4217218192236,258.41986733264514,254.4572284259222,255.05612182617188,72142800,0.0,0.0
2026-01-20 00:00:00-05:00,252.26132447540706,254.31750190322293,242.9685916985444,246.2425079345703,80267500,0.0,0.0
2026-01-21 00:00:00-05:00,248.23880604127606,251.09350304772093,244.72532928784554,247.1907501220703,54641700,0.0,0.0
2026-01-22 00:00:00-05:00,248.737864640942,250.53452965267718,247.68980878155546,247.8894500732422,39708300,0.0,0.0
2026-01-23 00:00:00-05:00,246.86136630134166,248.94748685874615,244.22624741136653,247.58001708984375,41689000,0.0,0.0
2026-01-26 00:00:00-05:00,251.01365072947274,256.08423219515316,249.33677343540953,254.93637084960938,55969200,0.0,0.0
2026-01-27 00:00:00-05:00,258.6894015269614,261.4642450011371,257.73115984508394,257.7910461425781,49648300,0.0,0.0
2026-01-28 00:00:00-05:00,257.1721946066941,258.3799421919039,254.03801819206552,255.96444702148438,41288000,0.0,0.0
2026-01-29 00:00:00-05:00,257.52154586161765,259.16847988830324,253.93820707645818,257.801025390625,67253000,0.0,0.0
2026-01-30 00:00:00-05:00,254.6968198516284,261.4143357105436,251.71235892004358,258.99884033203125,92443400,0.0,0.0
2026-02-02 00:00:00-05:00,259.5477742456141,269.98836769074944,258.72928762151224,269.50927734375,73913400,0.0,0.0
2026-02-03 00:00:00-05:00,268.70080609664296,271.3758289780004,267.11372779647115,268.98028564453125,64394700,0.0,0.0
2026-02-04 00:00:00-05:00,271.7850411492978,278.432693698261,271.7850411492978,275.97723388671875,90545700,0.0,0.0
2026-02-05 00:00:00-05:00,277.6142303156022,278.98168486317746,272.72332314901723,275.3983459472656,52977400,0.0,0.0
2026-02-06 00:00:00-05:00,276.6060720438839,280.3890519626743,276.4164219647768,277.6042175292969,50453400,0.0,0.0
2026-02-09 00:00:00-05:00,277.6541982366954,277.9439398399519,271.4499228389202,274.3672180175781,44623400,0.26,0.0
2026-02-10 00:00:00-05:00,274.6369782150198,275.11651686144285,272.68876099546605,273.4280700683594,34376900,0.0,0.0
2026-02-11 00:00:00-05:00,274.44714753122867,279.92208361183503,274.1973776592452,275.24639892578125,51931300,0.0,0.0
2026-02-12 00:00:00-05:00,275.3363333447182,275.46621856633783,259.94051360693726,261.4891052246094,81077200,0.0,0.0
2026-02-13 00:00:00-05:00,261.7688319830923,261.9886306947134,255.21485759663088,255.5445556640625,56290700,0.0,0.0
2026-02-17 00:00:00-05:00,257.8124646511843,266.0449008431299,255.30478047881587,263.6371154785156,58469100,0.0,0.0
2026-02-18 00:00:00-05:00,263.35737977838915,266.57441720150126,262.20844437502524,264.106689453125,34203300,0.0,0.0
2026-02-19 00:00:00-05:00,262.35827847824623,264.2365527856389,259.81060750150084,260.3401184082031,30845300,0.0,0.0
2026-02-20 00:00:00-05:00,258.73163460792017,264.5063132392292,257.9223826043077,264.3364562988281,42070500,0.0,0.0
2026-02-23 00:00:00-05:00,263.24744081710827,269.1819753311392,263.13755670993424,265.9349670410156,37308200,0.0,0.0
2026-02-24 00:00:00-05:00,267.61343657617186,274.6369951599546,267.46358073991865,271.8895263671875,47014600,0.0,0.0
2026-02-25 00:00:00-05:00,271.5298429675081,274.6869380517792,270.8005039088116,273.97760009765625,33714300,0.0,0.0
2026-02-26 00:00:00-05:00,274.6969199809464,275.8558253670768,270.55071567552415,272.6987609863281,32345100,0.0,0.0
2026-02-27 00:00:00-05:00,272.5588900215503,272.5588900215503,262.6480379442022,263.93682861328125,72366500,0.0,0.0
2026-03-02 00:00:00-05:00,262.16844722421786,266.2846497598317,259.960490133898,264.476318359375,41827900,0.0,0.0
2026-03-03 00:00:00-05:00,263.23749216234586,265.31556422164516,259.8905695547566,263.5072326660156,38568900,0.0,0.0
2026-03-04 00:00:00-05:00,264.4063951364299,265.9050144519466,261.179387723623,262.2783508300781,39803100,0.0,0.0
2026-03-05 00:00:00-05:00,260.54995479568396,261.3192350446657,257.01320478174756,260.0504150390625,49658600,0.0,0.0
2026-03-06 00:00:00-05:00,258.39192833924307,258.53178361058343,254.13584003818684,257.2229919433594,41120000,0.0,0.0
2026-03-09 00:00:00-04:00,255.45463216869055,260.9095975388004,253.44647267699952,259.6407775878906,38218500,0.0,0.0
2026-03-10 00:00:00-04:00,257.4128391437035,262.2384104290217,256.71350175461305,260.58990478515625,30590800,0.0,0.0
2026-03-11 00:00:00-04:00,260.8496568052655,261.888707997661,259.3110658747261,260.5699157714844,26218900,0.0,0.0
2026-03-12 00:00:00-04:00,258.4219063383753,258.71164792954545,253.94601921584928,255.52456665039062,40794000,0.0,0.0
2026-03-13 00:00:00-04:00,255.24483747003174,256.0940459350445,249.29033192864068,249.8897705078125,36930000,0.0,0.0
2026-03-16 00:00:00-04:00,251.87794235419486,253.6563027081548,249.6499992581203,252.58729553222656,32074200,0.0,0.0
2026-03-17 00:00:00-04:00,252.72716690012706,254.89516767044782,251.94787083452104,253.99598693847656,32361600,0.0,0.0
2026-03-18 00:00:00-04:00,252.3974721128864,254.70534343896443,248.7708084606242,249.70994567871094,35757900,0.0,0.0
2026-03-19 00:00:00-04:00,249.17043241392184,251.5982036354298,247.0723745163624,248.73085021972656,34864100,0.0,0.0
2026-03-20 00:00:00-04:00,247.7517334570195,248.97061168291066,245.77356028907465,247.76173400878906,88331100,0.0,0.0
2026-03-23 00:00:00-04:00,253.73622734962268,254.3656523266213,250.0496214753341,251.25851440429688,40546100,0.0,0.0
2026-03-24 00:00:00-04:00,250.1195650925759,254.5954370944537,249.32029842391177,251.4083709716797,45152300,0.0,0.0
2026-03-25 00:00:00-04:00,253.86611511385965,254.76528059453105,251.3684162845015,252.38746643066406,28476700,0.0,0.0
2026-03-26 00:00:00-04:00,251.88793104116345,256.76344411909713,250.53918279672283,252.6572265625,41796700,0.0,0.0
2026-03-27 00:00:00-04:00,253.666280215245,255.2548282141602,247.8416601166152,248.57098388671875,47900000,0.0,0.0
2026-03-30 00:00:00-04:00,249.83982057534305,250.63907198816298,245.28400520065438,246.40298461914062,39446200,0.0,0.0
2026-03-31 00:00:00-04:00,247.6818040942864,255.24482803058763,246.87255213324852,253.55638122558594,49598100,0.0,0.0
2026-04-01 00:00:00-04:00,253.8461228128272,255.94418062939917,253.096813183035,255.3946990966797,40059400,0.0,0.0
2026-04-02 00:00:00-04:00,253.96601496217014,255.89424639361263,250.4192795609811,255.68443298339844,31289400,0.0,0.0
2026-04-06 00:00:00-04:00,256.27389167390277,261.9186847371787,256.2239194053331,258.6217041015625,29329900,0.0,0.0
2026-04-07 00:00:00-04:00,255.92421782448065,255.96418954301222,245.47383916108728,253.26666259765625,62148000,0.0,0.0
2026-04-08 00:00:00-04:00,258.2121146377317,259.51090582044134,256.29386854025813,258.66168212890625,41032800,0.0,0.0
2026-04-09 00:00:00-04:00,258.7615948993736,260.879638597066,255.8342992320816,260.2502136230469,28121600,0.0,0.0
2026-04-10 00:00:00-04:00,259.7406946341393,261.94865175168746,258.78155637925676,260.240234375,31291500,0.0,0.0
2026-04-13 00:00:00-04:00,259.49093671136296,259.9405042051452,256.4237552437805,258.96142578125,36234700,0.0,0.0
2026-04-14 00:00:00-04:00,259.01136264890187,261.68888841493145,256.9532612999924,258.59173583984375,48370700,0.0,0.0
2026-04-15 00:00:00-04:00,257.92237663273806,266.3146386359468,257.57269269729437,266.18475341796875,49913500,0.0,0.0
2026-04-16 00:00:00-04:00,266.55439590858066,266.91408037974617,261.0294875448873,263.15753173828125,43323100,0.0,0.0
2026-04-17 00:00:00-04:00,266.7142527536172,272.0493335842862,266.47448343207725,269.98126220703125,61436200,0.0,0.0
2026-04-20 00:00:00-04:00,270.08114756253855,274.0275237795767,270.04120633500696,272.79864501953125,36590200,0.0,0.0
2026-04-21 00:00:00-04:00,271.250098918132,272.5488901425708,265.1557075406741,265.9250183105469,50209800,0.0,0.0
2026-04-22 00:00:00-04:00,267.5734973129919,273.48803128351057,266.62435952726383,272.9185791015625,43249200,0.0,0.0
2026-04-23 00:00:00-04:00,274.79681820267325,275.5161566987003,271.39995382845746,273.1783142089844,33399600,0.0,0.0
2026-04-24 00:00:00-04:00,272.50893317942314,272.80864483253174,269.4017800912603,270.81048583984375,38157100,0.0,0.0
2026-04-27 00:00:00-04:00,265.84505761361925,268.1129570778125,264.8260075108844,267.3636474609375,41466800,0.0,0.0
2026-04-28 00:00:00-04:00,272.0893199684016,272.97851539952296,268.4127145556596,270.4608154296875,40018900,0.0,0.0
2026-04-29 00:00:00-04:00,267.3037117460274,270.7905199823619,266.7942019267937,269.92132568359375,30047900,0.0,0.0
2026-04-30 00:00:00-04:00,270.25102650288807,275.7459641951834,267.893213328058,271.1002502441406,91848200,0.0,0.0
2026-05-01 00:00:00-04:00,278.6032901046287,286.95561044034525,278.1137509144006,279.88214111328125,79915400,0.0,0.0
2026-05-04 00:00:00-04:00,279.4025768563376,280.3716851917065,274.60697695873915,276.5751647949219,46668400,0.0,0.0
2026-05-05 00:00:00-04:00,276.6750995896243,284.30808218316156,276.2455026895375,283.9184265136719,49311700,0.0,0.0
2026-05-06 00:00:00-04:00,281.66051049385584,287.76487170009636,280.8112868075762,287.245361328125,58336100,0.0,0.0
2026-05-07 00:00:00-04:00,289.00371711581823,291.8611003514943,285.5169394038565,287.1754150390625,45224300,0.0,0.0
2026-05-08 00:00:00-04:00,289.7430674686918,294.4886952888782,289.7330669166447,293.0500183105469,52692800,0.0,0.0
2026-05-11 00:00:00-04:00,291.9800109863281,293.8800048828125,290.2300109863281,292.67999267578125,42247300,0.27,0.0
2026-05-12 00:00:00-04:00,292.55999755859375,295.2699890136719,292.55999755859375,294.79998779296875,45748100,0.0,0.0
2026-05-13 00:00:00-04:00,293.5,300.9200134277344,293.5,298.8699951171875,52684300,0.0,0.0
2026-05-14 00:00:00-04:00,299.82000732421875,300.45001220703125,295.3800048828125,298.2099914550781,35324900,0.0,0.0
2026-05-15 00:00:00-04:00,297.8999938964844,303.20001220703125,296.5199890136719,300.2300109863281,54862800,0.0,0.0
2026-05-18 00:00:00-04:00,300.239990234375,300.6600036621094,294.9100036621094,297.8399963378906,34483000,0.0,0.0
2026-05-19 00:00:00-04:00,296.9700012207031,300.510009765625,296.3500061035156,298.9700012207031,42243600,0.0,0.0
2026-05-20 00:00:00-04:00,298.17999267578125,302.79998779296875,298.0799865722656,302.25,38229800,0.0,0.0
2026-05-21 00:00:00-04:00,301.05999755859375,305.5400085449219,300.3999938964844,304.989990234375,42965100,0.0,0.0
2026-05-22 00:00:00-04:00,306.1199951171875,311.3999938964844,305.8399963378906,308.82000732421875,43670200,0.0,0.0
2026-05-26 00:00:00-04:00,309.55999755859375,311.82000732421875,307.6700134277344,308.3299865722656,48000500,0.0,0.0
2026-05-27 00:00:00-04:00,308.3299865722656,313.260009765625,308.29998779296875,310.8500061035156,50430900,0.0,0.0
2026-05-28 00:00:00-04:00,310.67999267578125,312.79998779296875,309.57000732421875,312.510009765625,48220400,0.0,0.0
2026-05-29 00:00:00-04:00,311.7799987792969,315.0,309.5299987792969,312.05999755859375,70026800,0.0,0.0
2026-06-01 00:00:00-04:00,309.6300048828125,310.94000244140625,305.0199890136719,306.30999755859375,48849900,0.0,0.0
2026-06-02 00:00:00-04:00,307.4599914550781,315.45001220703125,306.69000244140625,315.20001220703125,44534700,0.0,0.0
2026-06-03 00:00:00-04:00,314.17999267578125,316.94000244140625,308.8500061035156,310.260009765625,50836700,0.0,0.0
2026-06-04 00:00:00-04:00,313.2300109863281,313.5400085449219,309.6499938964844,311.2300109863281,44869100,0.0,0.0
2026-06-05 00:00:00-04:00,312.8599853515625,315.1700134277344,307.1499938964844,307.3399963378906,65310500,0.0,0.0
2026-06-08 00:00:00-04:00,308.739990234375,317.3999938964844,301.1700134277344,301.5400085449219,77949100,0.0,0.0
2026-06-09 00:00:00-04:00,300.2799987792969,300.75,287.7799987792969,290.54998779296875,70108800,0.0,0.0
2026-06-10 00:00:00-04:00,290.739990234375,294.75,287.3800048828125,291.5799865722656,52793300,0.0,0.0
2026-06-11 00:00:00-04:00,293.7200012207031,297.0,289.5899963378906,295.6300048828125,42572500,0.0,0.0
2026-06-12 00:00:00-04:00,296.0299987792969,297.1400146484375,289.6199951171875,291.1300048828125,38742100,0.0,0.0
2026-06-15 00:00:00-04:00,294.1199951171875,297.7799987792969,291.70001220703125,296.4200134277344,45732600,0.0,0.0
2026-06-16 00:00:00-04:00,295.25,300.4800109863281,293.9700012207031,299.239990234375,39874400,0.0,0.0
2026-06-17 00:00:00-04:00,300.8500061035156,302.07000732421875,294.3599853515625,295.95001220703125,42745100,0.0,0.0
2026-06-18 00:00:00-04:00,298.1099853515625,300.57000732421875,295.6199951171875,298.010009765625,85962200,0.0,0.0
